Symbol,Date,openInterest,currency,exchange,quoteType,symbol,underlyingSymbol,shortName
SI=F,2025-02-14,84343.0,USD,CMX,FUTURE,SIH25.CMX,SI=F,Silver Mar 25
GC=F,2025-02-14,395784.0,USD,CMX,FUTURE,GCJ25.CMX,GC=F,Gold Apr 25
HG=F,2025-02-14,75828.0,USD,CMX,FUTURE,HGH25.CMX,HG=F,Copper Mar 25
CL=F,2025-02-14,110354.0,USD,NYM,FUTURE,CLH25.NYM,CL=F,Crude Oil Mar 25
BZ=F,2025-02-14,33643.0,USD,NYM,FUTURE,BZJ25.NYM,BZ=F,Brent Crude Oil Last Day Financ
NG=F,2025-02-14,136369.0,USD,NYM,FUTURE,NGH25.NYM,NG=F,Natural Gas Mar 25
ZC=F,2025-02-14,707937.0,USX,CBT,FUTURE,ZCK25.CBT,ZC=F,"Corn Futures,May-2025"
KE=F,2025-02-14,57391.0,USX,CBT,FUTURE,KEH25.CBT,KE=F,"KC HRW Wheat Futures,Mar-2025"
ZS=F,2025-02-14,321929.0,USX,CBT,FUTURE,ZSK25.CBT,ZS=F,"Soybean Futures,May-2025"
CC=F,2025-02-14,52564.0,USD,NYB,FUTURE,CCK25.NYB,CC=F,Cocoa May 25
KC=F,2025-02-14,77579.0,USX,NYB,FUTURE,KCK25.NYB,KC=F,Coffee May 25
SB=F,2025-02-14,357030.0,USX,NYB,FUTURE,SBK25.NYB,SB=F,Sugar #11 May 25
SI=F,2025-02-17,84388.0,USD,CMX,FUTURE,SI=F,SI.CMX,Silver Mar 25
GC=F,2025-02-17,393731.0,USD,CMX,FUTURE,GC=F,GC.CMX,Gold Apr 25
HG=F,2025-02-17,75785.0,USD,CMX,FUTURE,HG=F,HG.CMX,Copper Mar 25
CL=F,2025-02-17,110925.0,USD,NYM,FUTURE,CL=F,CL.NYM,Crude Oil Mar 25
BZ=F,2025-02-17,33643.0,USD,NYM,FUTURE,BZ=F,BZ.NYM,Brent Crude Oil Last Day Financ
NG=F,2025-02-17,135954.0,USD,NYM,FUTURE,NG=F,NG.NYM,Natural Gas Mar 25
ZC=F,2025-02-17,707836.0,USX,CBT,FUTURE,ZC=F,ZC.CBT,"Corn Futures,May-2025"
KE=F,2025-02-17,57390.0,USX,CBT,FUTURE,KE=F,KE.CBT,"KC HRW Wheat Futures,Mar-2025"
ZS=F,2025-02-17,321929.0,USX,CBT,FUTURE,ZS=F,ZS.CBT,"Soybean Futures,May-2025"
CC=F,2025-02-17,54950.0,USD,NYB,FUTURE,CC=F,CC.NYB,Cocoa May 25
KC=F,2025-02-17,79243.0,USX,NYB,FUTURE,KC=F,KC.NYB,Coffee May 25
SB=F,2025-02-17,376396.0,USX,NYB,FUTURE,SB=F,SB.NYB,Sugar #11 May 25
SI=F,2025-02-18,84388.0,USD,CMX,FUTURE,SI=F,SIH25.CMX,Silver Mar 25
GC=F,2025-02-18,393731.0,USD,CMX,FUTURE,GC=F,GCJ25.CMX,Gold Apr 25
HG=F,2025-02-18,75785.0,USD,CMX,FUTURE,HG=F,HGH25.CMX,Copper Mar 25
CL=F,2025-02-18,110925.0,USD,NYM,FUTURE,CL=F,CLH25.NYM,Crude Oil Mar 25
BZ=F,2025-02-18,33643.0,USD,NYM,FUTURE,BZ=F,BZJ25.NYM,Brent Crude Oil Last Day Financ
NG=F,2025-02-18,135954.0,USD,NYM,FUTURE,NG=F,NGH25.NYM,Natural Gas Mar 25
ZC=F,2025-02-18,707836.0,USX,CBT,FUTURE,ZC=F,ZCK25.CBT,"Corn Futures,May-2025"
KE=F,2025-02-18,57390.0,USX,CBT,FUTURE,KE=F,KEH25.CBT,"KC HRW Wheat Futures,Mar-2025"
ZS=F,2025-02-18,321929.0,USX,CBT,FUTURE,ZS=F,ZSK25.CBT,"Soybean Futures,May-2025"
CC=F,2025-02-18,53591.0,USD,NYB,FUTURE,CC=F,CCK25.NYB,Cocoa May 25
KC=F,2025-02-18,79639.0,USX,NYB,FUTURE,KC=F,KCK25.NYB,Coffee May 25
SB=F,2025-02-18,380904.0,USX,NYB,FUTURE,SB=F,SBK25.NYB,Sugar #11 May 25
SI=F,2025-02-19,84388.0,USD,CMX,FUTURE,SI=F,SIH25.CMX,Silver Mar 25
GC=F,2025-02-19,393731.0,USD,CMX,FUTURE,GC=F,GCJ25.CMX,Gold Apr 25
HG=F,2025-02-19,75785.0,USD,CMX,FUTURE,HG=F,HGH25.CMX,Copper Mar 25
CL=F,2025-02-19,110925.0,USD,NYM,FUTURE,CL=F,CLH25.NYM,Crude Oil Mar 25
BZ=F,2025-02-19,33643.0,USD,NYM,FUTURE,BZ=F,BZJ25.NYM,Brent Crude Oil Last Day Financ
NG=F,2025-02-19,135954.0,USD,NYM,FUTURE,NG=F,NGH25.NYM,Natural Gas Mar 25
ZC=F,2025-02-19,707836.0,USX,CBT,FUTURE,ZC=F,ZCK25.CBT,"Corn Futures,May-2025"
KE=F,2025-02-19,111906.0,USX,CBT,FUTURE,KE=F,KEK25.CBT,"KC HRW Wheat Futures,May-2025"
ZS=F,2025-02-19,321929.0,USX,CBT,FUTURE,ZS=F,ZSK25.CBT,"Soybean Futures,May-2025"
CC=F,2025-02-19,53581.0,USD,NYB,FUTURE,CC=F,CCK25.NYB,Cocoa May 25
KC=F,2025-02-19,79623.0,USX,NYB,FUTURE,KC=F,KCK25.NYB,Coffee May 25
SB=F,2025-02-19,162439.0,USX,NYB,FUTURE,SB=F,SBK25.NYB,Sugar #11 May 25
SI=F,2025-02-20,78626.0,USD,CMX,FUTURE,SI=F,SIH25.CMX,Silver Mar 25
GC=F,2025-02-20,388166.0,USD,CMX,FUTURE,GC=F,GCJ25.CMX,Gold Apr 25
HG=F,2025-02-20,62624.0,USD,CMX,FUTURE,HG=F,HGH25.CMX,Copper Mar 25
CL=F,2025-02-20,49746.0,USD,NYM,FUTURE,CL=F,CLH25.NYM,Crude Oil Mar 25
BZ=F,2025-02-20,33794.0,USD,NYM,FUTURE,BZ=F,BZJ25.NYM,Brent Crude Oil Last Day Financ
NG=F,2025-02-20,105291.0,USD,NYM,FUTURE,NG=F,NGH25.NYM,Natural Gas Mar 25
ZC=F,2025-02-20,752766.0,USX,CBT,FUTURE,ZC=F,ZCK25.CBT,"Corn Futures,May-2025"
KE=F,2025-02-20,113223.0,USX,CBT,FUTURE,KE=F,KEK25.CBT,"KC HRW Wheat Futures,May-2025"
ZS=F,2025-02-20,343112.0,USX,CBT,FUTURE,ZS=F,ZSK25.CBT,"Soybean Futures,May-2025"
CC=F,2025-02-20,53628.0,USD,NYB,FUTURE,CC=F,CCK25.NYB,Cocoa May 25
KC=F,2025-02-20,80092.0,USX,NYB,FUTURE,KC=F,KCK25.NYB,Coffee May 25
SB=F,2025-02-20,382115.0,USX,NYB,FUTURE,SB=F,SBK25.NYB,Sugar #11 May 25
SI=F,2025-02-21,71765.0,USD,CMX,FUTURE,SI=F,SIH25.CMX,Silver Mar 25
GC=F,2025-02-21,385846.0,USD,CMX,FUTURE,GC=F,GCJ25.CMX,Gold Apr 25
HG=F,2025-02-21,56158.0,USD,CMX,FUTURE,HG=F,HGH25.CMX,Copper Mar 25
CL=F,2025-02-21,21482.0,USD,NYM,FUTURE,CL=F,CLH25.NYM,Crude Oil Mar 25
BZ=F,2025-02-21,31219.0,USD,NYM,FUTURE,BZ=F,BZJ25.NYM,Brent Crude Oil Last Day Financ
NG=F,2025-02-21,74529.0,USD,NYM,FUTURE,NG=F,NGH25.NYM,Natural Gas Mar 25
ZC=F,2025-02-21,787861.0,USX,CBT,FUTURE,ZC=F,ZCK25.CBT,"Corn Futures,May-2025"
KE=F,2025-02-21,111590.0,USX,CBT,FUTURE,KE=F,KEK25.CBT,"KC HRW Wheat Futures,May-2025"
ZS=F,2025-02-21,351925.0,USX,CBT,FUTURE,ZS=F,ZSK25.CBT,"Soybean Futures,May-2025"
CC=F,2025-02-21,53859.0,USD,NYB,FUTURE,CC=F,CCK25.NYB,Cocoa May 25
KC=F,2025-02-21,80685.0,USX,NYB,FUTURE,KC=F,KCK25.NYB,Coffee May 25
SB=F,2025-02-21,382279.0,USX,NYB,FUTURE,SB=F,SBK25.NYB,Sugar #11 May 25
SI=F,2025-02-22,65740.0,USD,CMX,FUTURE,SI=F,SIH25.CMX,Silver Mar 25
GC=F,2025-02-22,388041.0,USD,CMX,FUTURE,GC=F,GCJ25.CMX,Gold Apr 25
HG=F,2025-02-22,48745.0,USD,CMX,FUTURE,HG=F,HGH25.CMX,Copper Mar 25
CL=F,2025-02-22,312935.0,USD,NYM,FUTURE,CL=F,CLJ25.NYM,Crude Oil Apr 25
BZ=F,2025-02-22,28740.0,USD,NYM,FUTURE,BZ=F,BZK25.NYM,Brent Crude Oil Last Day Financ
NG=F,2025-02-22,55935.0,USD,NYM,FUTURE,NG=F,NGH25.NYM,Natural Gas Mar 25
ZC=F,2025-02-22,803214.0,USX,CBT,FUTURE,ZC=F,ZCK25.CBT,"Corn Futures,May-2025"
KE=F,2025-02-22,31369.0,USX,CBT,FUTURE,KE=F,KEK25.CBT,"KC HRW Wheat Futures,May-2025"
ZS=F,2025-02-22,359337.0,USX,CBT,FUTURE,ZS=F,ZSK25.CBT,"Soybean Futures,May-2025"
CC=F,2025-02-22,1989.0,USD,NYB,FUTURE,CC=F,CCK25.NYB,Cocoa May 25
KC=F,2025-02-22,81575.0,USX,NYB,FUTURE,KC=F,KCK25.NYB,Coffee May 25
SB=F,2025-02-22,103819.0,USX,NYB,FUTURE,SB=F,SBK25.NYB,Sugar #11 May 25
SI=F,2025-02-23,65740.0,USD,CMX,FUTURE,SI=F,SIH25.CMX,Silver Mar 25
GC=F,2025-02-23,388041.0,USD,CMX,FUTURE,GC=F,GCJ25.CMX,Gold Apr 25
HG=F,2025-02-23,48745.0,USD,CMX,FUTURE,HG=F,HGH25.CMX,Copper Mar 25
CL=F,2025-02-23,312935.0,USD,NYM,FUTURE,CL=F,CLJ25.NYM,Crude Oil Apr 25
BZ=F,2025-02-23,25654.0,USD,NYM,FUTURE,BZ=F,BZK25.NYM,Brent Crude Oil Last Day Financ
NG=F,2025-02-23,55935.0,USD,NYM,FUTURE,NG=F,NGH25.NYM,Natural Gas Mar 25
ZC=F,2025-02-23,803214.0,USX,CBT,FUTURE,ZC=F,ZCK25.CBT,"Corn Futures,May-2025"
KE=F,2025-02-23,112782.0,USX,CBT,FUTURE,KE=F,KEK25.CBT,"KC HRW Wheat Futures,May-2025"
ZS=F,2025-02-23,359337.0,USX,CBT,FUTURE,ZS=F,ZSK25.CBT,"Soybean Futures,May-2025"
CC=F,2025-02-23,54074.0,USD,NYB,FUTURE,CC=F,CCK25.NYB,Cocoa May 25
KC=F,2025-02-23,81575.0,USX,NYB,FUTURE,KC=F,KCK25.NYB,Coffee May 25
SB=F,2025-02-23,385199.0,USX,NYB,FUTURE,SB=F,SBK25.NYB,Sugar #11 May 25
SI=F,2025-02-24,65740.0,USD,CMX,FUTURE,SI=F,SI.CMX,Silver Mar 25
GC=F,2025-02-24,867.0,USD,CMX,FUTURE,GC=F,GC.CMX,Gold Feb 25
HG=F,2025-02-24,48745.0,USD,CMX,FUTURE,HG=F,HG.CMX,Copper Mar 25
CL=F,2025-02-24,5338.0,USD,NYM,FUTURE,CL=F,CL.NYM,Crude Oil Mar 25
BZ=F,2025-02-24,25654.0,USD,NYM,FUTURE,BZ=F,BZ.NYM,Brent Crude Oil Last Day Financ
NG=F,2025-02-24,55935.0,USD,NYM,FUTURE,NG=F,NG.NYM,Natural Gas Mar 25
ZC=F,2025-02-24,803214.0,USX,CBT,FUTURE,ZC=F,ZC.CBT,"Corn Futures,May-2025"
KE=F,2025-02-24,112782.0,USX,CBT,FUTURE,KE=F,KE.CBT,"KC HRW Wheat Futures,May-2025"
ZS=F,2025-02-24,359337.0,USX,CBT,FUTURE,ZS=F,ZS.CBT,"Soybean Futures,May-2025"
CC=F,2025-02-24,54074.0,USD,NYB,FUTURE,CC=F,CC.NYB,Cocoa May 25
KC=F,2025-02-24,81575.0,USX,NYB,FUTURE,KC=F,KC.NYB,Coffee May 25
SB=F,2025-02-24,103819.0,USX,NYB,FUTURE,SB=F,SB.NYB,Sugar #11 Mar 25
SI=F,2025-02-25,52997.0,USD,CMX,FUTURE,SI=F,SIH25.CMX,Silver Mar 25
GC=F,2025-02-25,385959.0,USD,CMX,FUTURE,GC=F,GCJ25.CMX,Gold Apr 25
HG=F,2025-02-25,39115.0,USD,CMX,FUTURE,HG=F,HGH25.CMX,Copper Mar 25
CL=F,2025-02-25,317229.0,USD,NYM,FUTURE,CL=F,CLJ25.NYM,Crude Oil Apr 25
BZ=F,2025-02-25,25654.0,USD,NYM,FUTURE,BZ=F,BZK25.NYM,Brent Crude Oil Last Day Financ
NG=F,2025-02-25,38436.0,USD,NYM,FUTURE,NG=F,NGH25.NYM,Natural Gas Mar 25
ZC=F,2025-02-25,805571.0,USX,CBT,FUTURE,ZC=F,ZCK25.CBT,"Corn Futures,May-2025"
KE=F,2025-02-25,112782.0,USX,CBT,FUTURE,KE=F,KEK25.CBT,"KC HRW Wheat Futures,May-2025"
ZS=F,2025-02-25,364010.0,USX,CBT,FUTURE,ZS=F,ZSK25.CBT,"Soybean Futures,May-2025"
CC=F,2025-02-25,52746.0,USD,NYB,FUTURE,CC=F,CCK25.NYB,Cocoa May 25
KC=F,2025-02-25,81846.0,USX,NYB,FUTURE,KC=F,KCK25.NYB,Coffee May 25
SB=F,2025-02-25,379254.0,USX,NYB,FUTURE,SB=F,SBK25.NYB,Sugar #11 May 25
SI=F,2025-02-26,41218.0,USD,CMX,FUTURE,SI=F,SIH25.CMX,Silver Mar 25
GC=F,2025-02-26,390012.0,USD,CMX,FUTURE,GC=F,GCJ25.CMX,Gold Apr 25
HG=F,2025-02-26,32882.0,USD,CMX,FUTURE,HG=F,HGH25.CMX,Copper Mar 25
CL=F,2025-02-26,310148.0,USD,NYM,FUTURE,CL=F,CLJ25.NYM,Crude Oil Apr 25
BZ=F,2025-02-26,29805.0,USD,NYM,FUTURE,BZ=F,BZK25.NYM,Brent Crude Oil Last Day Financ
NG=F,2025-02-26,28658.0,USD,NYM,FUTURE,NG=F,NGH25.NYM,Natural Gas Mar 25
ZC=F,2025-02-26,818765.0,USX,CBT,FUTURE,ZC=F,ZCK25.CBT,"Corn Futures,May-2025"
KE=F,2025-02-26,117100.0,USX,CBT,FUTURE,KE=F,KEK25.CBT,"KC HRW Wheat Futures,May-2025"
ZS=F,2025-02-26,375003.0,USX,CBT,FUTURE,ZS=F,ZSK25.CBT,"Soybean Futures,May-2025"
CC=F,2025-02-26,49734.0,USD,NYB,FUTURE,CC=F,CCK25.NYB,Cocoa May 25
KC=F,2025-02-26,82494.0,USX,NYB,FUTURE,KC=F,KCK25.NYB,Coffee May 25
SB=F,2025-02-26,372125.0,USX,NYB,FUTURE,SB=F,SBK25.NYB,Sugar #11 May 25
SI=F,2025-02-27,29794.0,USD,CMX,FUTURE,SI=F,SIH25.CMX,Silver Mar 25
GC=F,2025-02-27,370643.0,USD,CMX,FUTURE,GC=F,GCJ25.CMX,Gold Apr 25
HG=F,2025-02-27,17777.0,USD,CMX,FUTURE,HG=F,HGH25.CMX,Copper Mar 25
CL=F,2025-02-27,306313.0,USD,NYM,FUTURE,CL=F,CLJ25.NYM,Crude Oil Apr 25
BZ=F,2025-02-27,28800.0,USD,NYM,FUTURE,BZ=F,BZK25.NYM,Brent Crude Oil Last Day Financ
NG=F,2025-02-27,1021.0,USD,NYM,FUTURE,NG=F,NGH25.NYM,Natural Gas Mar 25
ZC=F,2025-02-27,814449.0,USX,CBT,FUTURE,ZC=F,ZCK25.CBT,"Corn Futures,May-2025"
KE=F,2025-02-27,117849.0,USX,CBT,FUTURE,KE=F,KEK25.CBT,"KC HRW Wheat Futures,May-2025"
ZS=F,2025-02-27,376565.0,USX,CBT,FUTURE,ZS=F,ZSK25.CBT,"Soybean Futures,May-2025"
CC=F,2025-02-27,49264.0,USD,NYB,FUTURE,CC=F,CCK25.NYB,Cocoa May 25
KC=F,2025-02-27,82186.0,USX,NYB,FUTURE,KC=F,KCK25.NYB,Coffee May 25
SB=F,2025-02-27,370940.0,USX,NYB,FUTURE,SB=F,SBK25.NYB,Sugar #11 May 25
SI=F,2025-02-28,113624.0,USD,CMX,FUTURE,SI=F,SIK25.CMX,Silver May 25
GC=F,2025-02-28,370604.0,USD,CMX,FUTURE,GC=F,GCJ25.CMX,Gold Apr 25
HG=F,2025-02-28,122084.0,USD,CMX,FUTURE,HG=F,HGK25.CMX,Copper May 25
CL=F,2025-02-28,305639.0,USD,NYM,FUTURE,CL=F,CLJ25.NYM,Crude Oil Apr 25
BZ=F,2025-02-28,28677.0,USD,NYM,FUTURE,BZ=F,BZK25.NYM,Brent Crude Oil Last Day Financ
NG=F,2025-02-28,220352.0,USD,NYM,FUTURE,NG=F,NGJ25.NYM,Natural Gas Apr 25
ZC=F,2025-02-28,823658.0,USX,CBT,FUTURE,ZC=F,ZCK25.CBT,"Corn Futures,May-2025"
KE=F,2025-02-28,118942.0,USX,CBT,FUTURE,KE=F,KEK25.CBT,"KC HRW Wheat Futures,May-2025"
ZS=F,2025-02-28,373502.0,USX,CBT,FUTURE,ZS=F,ZSK25.CBT,"Soybean Futures,May-2025"
CC=F,2025-02-28,48866.0,USD,NYB,FUTURE,CC=F,CCK25.NYB,Cocoa May 25
KC=F,2025-02-28,323.0,USX,NYB,FUTURE,KC=F,KCK25.NYB,Coffee May 25
SB=F,2025-02-28,48483.0,USX,NYB,FUTURE,SB=F,SBK25.NYB,Sugar #11 May 25
SI=F,2025-03-01,116279.0,USD,CMX,FUTURE,SI=F,SIK25.CMX,Silver May 25
GC=F,2025-03-01,365109.0,USD,CMX,FUTURE,GC=F,GCJ25.CMX,Gold Apr 25
HG=F,2025-03-01,123553.0,USD,CMX,FUTURE,HG=F,HGK25.CMX,Copper May 25
CL=F,2025-03-01,290865.0,USD,NYM,FUTURE,CL=F,CLJ25.NYM,Crude Oil Apr 25
BZ=F,2025-03-01,27215.0,USD,NYM,FUTURE,BZ=F,BZK25.NYM,Brent Crude Oil Last Day Financ
NG=F,2025-03-01,216312.0,USD,NYM,FUTURE,NG=F,NGJ25.NYM,Natural Gas Apr 25
ZC=F,2025-03-01,833922.0,USX,CBT,FUTURE,ZC=F,ZCK25.CBT,"Corn Futures,May-2025"
KE=F,2025-03-01,57439.0,USX,CBT,FUTURE,KE=F,KEN25.CBT,"KC HRW Wheat Futures,Jul-2025"
ZS=F,2025-03-01,375245.0,USX,CBT,FUTURE,ZS=F,ZSK25.CBT,"Soybean Futures,May-2025"
CC=F,2025-03-01,45038.0,USD,NYB,FUTURE,CC=F,CCK25.NYB,Cocoa May 25
KC=F,2025-03-01,80987.0,USX,NYB,FUTURE,KC=F,KCK25.NYB,Coffee May 25
SB=F,2025-03-01,363901.0,USX,NYB,FUTURE,SB=F,SBK25.NYB,Sugar #11 May 25
SI=F,2025-03-02,116279.0,USD,CMX,FUTURE,SI=F,SIK25.CMX,Silver May 25
GC=F,2025-03-02,365109.0,USD,CMX,FUTURE,GC=F,GCJ25.CMX,Gold Apr 25
HG=F,2025-03-02,123553.0,USD,CMX,FUTURE,HG=F,HGK25.CMX,Copper May 25
CL=F,2025-03-02,290865.0,USD,NYM,FUTURE,CL=F,CLJ25.NYM,Crude Oil Apr 25
BZ=F,2025-03-02,27215.0,USD,NYM,FUTURE,BZ=F,BZK25.NYM,Brent Crude Oil Last Day Financ
NG=F,2025-03-02,216312.0,USD,NYM,FUTURE,NG=F,NGJ25.NYM,Natural Gas Apr 25
ZC=F,2025-03-02,833922.0,USX,CBT,FUTURE,ZC=F,ZCK25.CBT,"Corn Futures,May-2025"
KE=F,2025-03-02,120345.0,USX,CBT,FUTURE,KE=F,KEK25.CBT,"KC HRW Wheat Futures,May-2025"
ZS=F,2025-03-02,375245.0,USX,CBT,FUTURE,ZS=F,ZSK25.CBT,"Soybean Futures,May-2025"
CC=F,2025-03-02,45038.0,USD,NYB,FUTURE,CC=F,CCK25.NYB,Cocoa May 25
KC=F,2025-03-02,80987.0,USX,NYB,FUTURE,KC=F,KCK25.NYB,Coffee May 25
SB=F,2025-03-02,363901.0,USX,NYB,FUTURE,SB=F,SBK25.NYB,Sugar #11 May 25
SI=F,2025-03-03,15691.0,USD,CMX,FUTURE,SI=F,SI.CMX,Silver Mar 25
GC=F,2025-03-03,365109.0,USD,CMX,FUTURE,GC=F,GC.CMX,Gold Apr 25
HG=F,2025-03-03,123553.0,USD,CMX,FUTURE,HG=F,HG.CMX,Copper May 25
CL=F,2025-03-03,290865.0,USD,NYM,FUTURE,CL=F,CL.NYM,Crude Oil Apr 25
BZ=F,2025-03-03,27215.0,USD,NYM,FUTURE,BZ=F,BZ.NYM,Brent Crude Oil Last Day Financ
NG=F,2025-03-03,216312.0,USD,NYM,FUTURE,NG=F,NG.NYM,Natural Gas Apr 25
ZC=F,2025-03-03,833922.0,USX,CBT,FUTURE,ZC=F,ZC.CBT,"Corn Futures,May-2025"
KE=F,2025-03-03,120345.0,USX,CBT,FUTURE,KE=F,KE.CBT,"KC HRW Wheat Futures,May-2025"
ZS=F,2025-03-03,375245.0,USX,CBT,FUTURE,ZS=F,ZS.CBT,"Soybean Futures,May-2025"
CC=F,2025-03-03,45038.0,USD,NYB,FUTURE,CC=F,CC.NYB,Cocoa May 25
KC=F,2025-03-03,80987.0,USX,NYB,FUTURE,KC=F,KC.NYB,Coffee May 25
SB=F,2025-03-03,363901.0,USX,NYB,FUTURE,SB=F,SB.NYB,Sugar #11 May 25
SI=F,2025-03-04,5000.0,USD,CMX,FUTURE,SI=F,SIK25.CMX,Silver May 25
GC=F,2025-03-04,353342.0,USD,CMX,FUTURE,GC=F,GCJ25.CMX,Gold Apr 25
HG=F,2025-03-04,122627.0,USD,CMX,FUTURE,HG=F,HGK25.CMX,Copper May 25
CL=F,2025-03-04,273690.0,USD,NYM,FUTURE,CL=F,CLJ25.NYM,Crude Oil Apr 25
BZ=F,2025-03-04,27215.0,USD,NYM,FUTURE,BZ=F,BZK25.NYM,Brent Crude Oil Last Day Financ
NG=F,2025-03-04,209117.0,USD,NYM,FUTURE,NG=F,NGJ25.NYM,Natural Gas Apr 25
ZC=F,2025-03-04,834087.0,USX,CBT,FUTURE,ZC=F,ZCK25.CBT,"Corn Futures,May-2025"
KE=F,2025-03-04,120880.0,USX,CBT,FUTURE,KE=F,KEK25.CBT,"KC HRW Wheat Futures,May-2025"
ZS=F,2025-03-04,385864.0,USX,CBT,FUTURE,ZS=F,ZSK25.CBT,"Soybean Futures,May-2025"
CC=F,2025-03-04,44892.0,USD,NYB,FUTURE,CC=F,CCK25.NYB,Cocoa May 25
KC=F,2025-03-04,80427.0,USX,NYB,FUTURE,KC=F,KCK25.NYB,Coffee May 25
SB=F,2025-03-04,364458.0,USX,NYB,FUTURE,SB=F,SBK25.NYB,Sugar #11 May 25
SI=F,2025-03-05,114054.0,USD,CMX,FUTURE,SI=F,SIK25.CMX,Silver May 25
GC=F,2025-03-05,345696.0,USD,CMX,FUTURE,GC=F,GCJ25.CMX,Gold Apr 25
HG=F,2025-03-05,122610.0,USD,CMX,FUTURE,HG=F,HGK25.CMX,Copper May 25
CL=F,2025-03-05,270859.0,USD,NYM,FUTURE,CL=F,CLJ25.NYM,Crude Oil Apr 25
BZ=F,2025-03-05,25507.0,USD,NYM,FUTURE,BZ=F,BZM25.NYM,Brent Crude Oil Last Day Financ
NG=F,2025-03-05,208094.0,USD,NYM,FUTURE,NG=F,NGJ25.NYM,Natural Gas Apr 25
ZC=F,2025-03-05,807222.0,USX,CBT,FUTURE,ZC=F,ZCK25.CBT,"Corn Futures,May-2025"
KE=F,2025-03-05,120625.0,USX,CBT,FUTURE,KE=F,KEK25.CBT,"KC HRW Wheat Futures,May-2025"
ZS=F,2025-03-05,389146.0,USX,CBT,FUTURE,ZS=F,ZSK25.CBT,"Soybean Futures,May-2025"
CC=F,2025-03-05,43730.0,USD,NYB,FUTURE,CC=F,CCK25.NYB,Cocoa May 25
KC=F,2025-03-05,80343.0,USX,NYB,FUTURE,KC=F,KCK25.NYB,Coffee May 25
SB=F,2025-03-05,361942.0,USX,NYB,FUTURE,SB=F,SBK25.NYB,Sugar #11 May 25
SI=F,2025-03-06,113623.0,USD,CMX,FUTURE,SI=F,SIK25.CMX,Silver May 25
GC=F,2025-03-06,339909.0,USD,CMX,FUTURE,GC=F,GCJ25.CMX,Gold Apr 25
HG=F,2025-03-06,123815.0,USD,CMX,FUTURE,HG=F,HGK25.CMX,Copper May 25
CL=F,2025-03-06,272096.0,USD,NYM,FUTURE,CL=F,CLJ25.NYM,Crude Oil Apr 25
BZ=F,2025-03-06,23221.0,USD,NYM,FUTURE,BZ=F,BZK25.NYM,Brent Crude Oil Last Day Financ
NG=F,2025-03-06,213523.0,USD,NYM,FUTURE,NG=F,NGJ25.NYM,Natural Gas Apr 25
ZC=F,2025-03-06,792062.0,USX,CBT,FUTURE,ZC=F,ZCK25.CBT,"Corn Futures,May-2025"
KE=F,2025-03-06,125687.0,USX,CBT,FUTURE,KE=F,KEK25.CBT,"KC HRW Wheat Futures,May-2025"
ZS=F,2025-03-06,389016.0,USX,CBT,FUTURE,ZS=F,ZSK25.CBT,"Soybean Futures,May-2025"
CC=F,2025-03-06,42004.0,USD,NYB,FUTURE,CC=F,CCK25.NYB,Cocoa May 25
KC=F,2025-03-06,80077.0,USX,NYB,FUTURE,KC=F,KCK25.NYB,Coffee May 25
SB=F,2025-03-06,357996.0,USX,NYB,FUTURE,SB=F,SBK25.NYB,Sugar #11 May 25
SI=F,2025-03-07,116305.0,USD,CMX,FUTURE,SI=F,SIK25.CMX,Silver May 25
GC=F,2025-03-07,335694.0,USD,CMX,FUTURE,GC=F,GCJ25.CMX,Gold Apr 25
HG=F,2025-03-07,129627.0,USD,CMX,FUTURE,HG=F,HGK25.CMX,Copper May 25
CL=F,2025-03-07,253923.0,USD,NYM,FUTURE,CL=F,CLJ25.NYM,Crude Oil Apr 25
BZ=F,2025-03-07,23394.0,USD,NYM,FUTURE,BZ=F,BZK25.NYM,Brent Crude Oil Last Day Financ
NG=F,2025-03-07,214318.0,USD,NYM,FUTURE,NG=F,NGJ25.NYM,Natural Gas Apr 25
ZC=F,2025-03-07,773488.0,USX,CBT,FUTURE,ZC=F,ZCK25.CBT,"Corn Futures,May-2025"
KE=F,2025-03-07,64845.0,USX,CBT,FUTURE,KE=F,KEK25.CBT,"KC HRW Wheat Futures,May-2025"
ZS=F,2025-03-07,388425.0,USX,CBT,FUTURE,ZS=F,ZSK25.CBT,"Soybean Futures,May-2025"
CC=F,2025-03-07,42355.0,USD,NYB,FUTURE,CC=F,CCK25.NYB,Cocoa May 25
KC=F,2025-03-07,136.0,USX,NYB,FUTURE,KC=F,KCK25.NYB,Coffee May 25
SB=F,2025-03-07,356370.0,USX,NYB,FUTURE,SB=F,SBK25.NYB,Sugar #11 May 25
SI=F,2025-03-08,117329.0,USD,CMX,FUTURE,SI=F,SIK25.CMX,Silver May 25
GC=F,2025-03-08,329381.0,USD,CMX,FUTURE,GC=F,GCJ25.CMX,Gold Apr 25
HG=F,2025-03-08,128974.0,USD,CMX,FUTURE,HG=F,HGK25.CMX,Copper May 25
CL=F,2025-03-08,239110.0,USD,NYM,FUTURE,CL=F,CLJ25.NYM,Crude Oil Apr 25
BZ=F,2025-03-08,21999.0,USD,NYM,FUTURE,BZ=F,BZK25.NYM,Brent Crude Oil Last Day Financ
NG=F,2025-03-08,208149.0,USD,NYM,FUTURE,NG=F,NGJ25.NYM,Natural Gas Apr 25
ZC=F,2025-03-08,756635.0,USX,CBT,FUTURE,ZC=F,ZCK25.CBT,"Corn Futures,May-2025"
KE=F,2025-03-08,131466.0,USX,CBT,FUTURE,KE=F,KEK25.CBT,"KC HRW Wheat Futures,May-2025"
ZS=F,2025-03-08,382968.0,USX,CBT,FUTURE,ZS=F,ZSK25.CBT,"Soybean Futures,May-2025"
CC=F,2025-03-08,41726.0,USD,NYB,FUTURE,CC=F,CCK25.NYB,Cocoa May 25
KC=F,2025-03-08,78728.0,USX,NYB,FUTURE,KC=F,KCK25.NYB,Coffee May 25
SB=F,2025-03-08,357413.0,USX,NYB,FUTURE,SB=F,SBK25.NYB,Sugar #11 May 25
SI=F,2025-03-09,117329.0,USD,CMX,FUTURE,SI=F,SIK25.CMX,Silver May 25
GC=F,2025-03-09,329381.0,USD,CMX,FUTURE,GC=F,GCJ25.CMX,Gold Apr 25
HG=F,2025-03-09,128974.0,USD,CMX,FUTURE,HG=F,HGK25.CMX,Copper May 25
CL=F,2025-03-09,239110.0,USD,NYM,FUTURE,CL=F,CLJ25.NYM,Crude Oil Apr 25
BZ=F,2025-03-09,21999.0,USD,NYM,FUTURE,BZ=F,BZK25.NYM,Brent Crude Oil Last Day Financ
NG=F,2025-03-09,208149.0,USD,NYM,FUTURE,NG=F,NGJ25.NYM,Natural Gas Apr 25
ZC=F,2025-03-09,756635.0,USX,CBT,FUTURE,ZC=F,ZCK25.CBT,"Corn Futures,May-2025"
KE=F,2025-03-09,131466.0,USX,CBT,FUTURE,KE=F,KEK25.CBT,"KC HRW Wheat Futures,May-2025"
ZS=F,2025-03-09,382968.0,USX,CBT,FUTURE,ZS=F,ZSK25.CBT,"Soybean Futures,May-2025"
CC=F,2025-03-09,41726.0,USD,NYB,FUTURE,CC=F,CCK25.NYB,Cocoa May 25
KC=F,2025-03-09,78728.0,USX,NYB,FUTURE,KC=F,KCK25.NYB,Coffee May 25
SB=F,2025-03-09,357413.0,USX,NYB,FUTURE,SB=F,SBK25.NYB,Sugar #11 May 25
SI=F,2025-03-10,117329.0,USD,CMX,FUTURE,SI=F,SI.CMX,Silver May 25
GC=F,2025-03-10,329381.0,USD,CMX,FUTURE,GC=F,GC.CMX,Gold Apr 25
HG=F,2025-03-10,128974.0,USD,CMX,FUTURE,HG=F,HG.CMX,Copper May 25
CL=F,2025-03-10,239110.0,USD,NYM,FUTURE,CL=F,CL.NYM,Crude Oil Apr 25
BZ=F,2025-03-10,21999.0,USD,NYM,FUTURE,BZ=F,BZ.NYM,Brent Crude Oil Last Day Financ
NG=F,2025-03-10,208149.0,USD,NYM,FUTURE,NG=F,NG.NYM,Natural Gas Apr 25
ZC=F,2025-03-10,756635.0,USX,CBT,FUTURE,ZC=F,ZC.CBT,"Corn Futures,May-2025"
KE=F,2025-03-10,131466.0,USX,CBT,FUTURE,KE=F,KE.CBT,"KC HRW Wheat Futures,May-2025"
ZS=F,2025-03-10,382968.0,USX,CBT,FUTURE,ZS=F,ZS.CBT,"Soybean Futures,May-2025"
CC=F,2025-03-10,41726.0,USD,NYB,FUTURE,CC=F,CC.NYB,Cocoa May 25
KC=F,2025-03-10,78728.0,USX,NYB,FUTURE,KC=F,KC.NYB,Coffee May 25
SB=F,2025-03-10,357413.0,USX,NYB,FUTURE,SB=F,SB.NYB,Sugar #11 May 25
SI=F,2025-03-11,117495.0,USD,CMX,FUTURE,SI=F,SIK25.CMX,Silver May 25
GC=F,2025-03-11,300594.0,USD,CMX,FUTURE,GC=F,GCJ25.CMX,Gold Apr 25
HG=F,2025-03-11,127980.0,USD,CMX,FUTURE,HG=F,HGK25.CMX,Copper May 25
CL=F,2025-03-11,207933.0,USD,NYM,FUTURE,CL=F,CLJ25.NYM,Crude Oil Apr 25
BZ=F,2025-03-11,21253.0,USD,NYM,FUTURE,BZ=F,BZK25.NYM,Brent Crude Oil Last Day Financ
NG=F,2025-03-11,191866.0,USD,NYM,FUTURE,NG=F,NGJ25.NYM,Natural Gas Apr 25
ZC=F,2025-03-11,748076.0,USX,CBT,FUTURE,ZC=F,ZCK25.CBT,"Corn Futures,May-2025"
KE=F,2025-03-11,132293.0,USX,CBT,FUTURE,KE=F,KEK25.CBT,"KC HRW Wheat Futures,May-2025"
ZS=F,2025-03-11,378303.0,USX,CBT,FUTURE,ZS=F,ZSK25.CBT,"Soybean Futures,May-2025"
CC=F,2025-03-11,41883.0,USD,NYB,FUTURE,CC=F,CCK25.NYB,Cocoa May 25
KC=F,2025-03-11,77536.0,USX,NYB,FUTURE,KC=F,KCK25.NYB,Coffee May 25
SB=F,2025-03-11,354503.0,USX,NYB,FUTURE,SB=F,SBK25.NYB,Sugar #11 May 25
SI=F,2025-03-12,118795.0,USD,CMX,FUTURE,SI=F,SIK25.CMX,Silver May 25
GC=F,2025-03-12,288544.0,USD,CMX,FUTURE,GC=F,GCJ25.CMX,Gold Apr 25
HG=F,2025-03-12,127863.0,USD,CMX,FUTURE,HG=F,HGK25.CMX,Copper May 25
CL=F,2025-03-12,185630.0,USD,NYM,FUTURE,CL=F,CLJ25.NYM,Crude Oil Apr 25
BZ=F,2025-03-12,37149.0,USD,NYM,FUTURE,BZ=F,BZM25.NYM,Brent Crude Oil Last Day Financ
NG=F,2025-03-12,169396.0,USD,NYM,FUTURE,NG=F,NGJ25.NYM,Natural Gas Apr 25
ZC=F,2025-03-12,729182.0,USX,CBT,FUTURE,ZC=F,ZCK25.CBT,"Corn Futures,May-2025"
KE=F,2025-03-12,131819.0,USX,CBT,FUTURE,KE=F,KEK25.CBT,"KC HRW Wheat Futures,May-2025"
ZS=F,2025-03-12,380057.0,USX,CBT,FUTURE,ZS=F,ZSK25.CBT,"Soybean Futures,May-2025"
CC=F,2025-03-12,42497.0,USD,NYB,FUTURE,CC=F,CCK25.NYB,Cocoa May 25
KC=F,2025-03-12,78052.0,USX,NYB,FUTURE,KC=F,KCK25.NYB,Coffee May 25
SB=F,2025-03-12,351913.0,USX,NYB,FUTURE,SB=F,SBK25.NYB,Sugar #11 May 25
SI=F,2025-03-13,121560.0,USD,CMX,FUTURE,SI=F,SIK25.CMX,Silver May 25
GC=F,2025-03-13,272697.0,USD,CMX,FUTURE,GC=F,GCJ25.CMX,Gold Apr 25
HG=F,2025-03-13,127625.0,USD,CMX,FUTURE,HG=F,HGK25.CMX,Copper May 25
CL=F,2025-03-13,159051.0,USD,NYM,FUTURE,CL=F,CLJ25.NYM,Crude Oil Apr 25
BZ=F,2025-03-13,37125.0,USD,NYM,FUTURE,BZ=F,BZM25.NYM,Brent Crude Oil Last Day Financ
NG=F,2025-03-13,150097.0,USD,NYM,FUTURE,NG=F,NGJ25.NYM,Natural Gas Apr 25
ZC=F,2025-03-13,723465.0,USX,CBT,FUTURE,ZC=F,ZCK25.CBT,"Corn Futures,May-2025"
KE=F,2025-03-13,132921.0,USX,CBT,FUTURE,KE=F,KEK25.CBT,"KC HRW Wheat Futures,May-2025"
ZS=F,2025-03-13,376884.0,USX,CBT,FUTURE,ZS=F,ZSK25.CBT,"Soybean Futures,May-2025"
CC=F,2025-03-13,43029.0,USD,NYB,FUTURE,CC=F,CCK25.NYB,Cocoa May 25
KC=F,2025-03-13,78067.0,USX,NYB,FUTURE,KC=F,KCK25.NYB,Coffee May 25
SB=F,2025-03-13,346892.0,USX,NYB,FUTURE,SB=F,SBK25.NYB,Sugar #11 May 25
SI=F,2025-03-14,126204.0,USD,CMX,FUTURE,SI=F,SIK25.CMX,Silver May 25
GC=F,2025-03-14,275276.0,USD,CMX,FUTURE,GC=F,GCJ25.CMX,Gold Apr 25
HG=F,2025-03-14,128317.0,USD,CMX,FUTURE,HG=F,HGK25.CMX,Copper May 25
CL=F,2025-03-14,134432.0,USD,NYM,FUTURE,CL=F,CLJ25.NYM,Crude Oil Apr 25
BZ=F,2025-03-14,37464.0,USD,NYM,FUTURE,BZ=F,BZM25.NYM,Brent Crude Oil Last Day Financ
NG=F,2025-03-14,124137.0,USD,NYM,FUTURE,NG=F,NGJ25.NYM,Natural Gas Apr 25
ZC=F,2025-03-14,721958.0,USX,CBT,FUTURE,ZC=F,ZCK25.CBT,"Corn Futures,May-2025"
KE=F,2025-03-14,131296.0,USX,CBT,FUTURE,KE=F,KEK25.CBT,"KC HRW Wheat Futures,May-2025"
ZS=F,2025-03-14,378950.0,USX,CBT,FUTURE,ZS=F,ZSK25.CBT,"Soybean Futures,May-2025"
CC=F,2025-03-14,43579.0,USD,NYB,FUTURE,CC=F,CCK25.NYB,Cocoa May 25
KC=F,2025-03-14,77434.0,USX,NYB,FUTURE,KC=F,KCK25.NYB,Coffee May 25
SB=F,2025-03-14,343673.0,USX,NYB,FUTURE,SB=F,SBK25.NYB,Sugar #11 May 25
SI=F,2025-03-15,126038.0,USD,CMX,FUTURE,SI=F,SIK25.CMX,Silver May 25
GC=F,2025-03-15,271147.0,USD,CMX,FUTURE,GC=F,GCJ25.CMX,Gold Apr 25
HG=F,2025-03-15,128308.0,USD,CMX,FUTURE,HG=F,HGK25.CMX,Copper May 25
CL=F,2025-03-15,134406.0,USD,NYM,FUTURE,CL=F,CLJ25.NYM,Crude Oil Apr 25
BZ=F,2025-03-15,37464.0,USD,NYM,FUTURE,BZ=F,BZM25.NYM,Brent Crude Oil Last Day Financ
NG=F,2025-03-15,124107.0,USD,NYM,FUTURE,NG=F,NGJ25.NYM,Natural Gas Apr 25
ZC=F,2025-03-15,718058.0,USX,CBT,FUTURE,ZC=F,ZCK25.CBT,"Corn Futures,May-2025"
KE=F,2025-03-15,129483.0,USX,CBT,FUTURE,KE=F,KEK25.CBT,"KC HRW Wheat Futures,May-2025"
ZS=F,2025-03-15,375934.0,USX,CBT,FUTURE,ZS=F,ZSK25.CBT,"Soybean Futures,May-2025"
CC=F,2025-03-15,43573.0,USD,NYB,FUTURE,CC=F,CCK25.NYB,Cocoa May 25
KC=F,2025-03-15,76441.0,USX,NYB,FUTURE,KC=F,KCK25.NYB,Coffee May 25
SB=F,2025-03-15,336864.0,USX,NYB,FUTURE,SB=F,SBK25.NYB,Sugar #11 May 25
SI=F,2025-03-16,126038.0,USD,CMX,FUTURE,SI=F,SIK25.CMX,Silver May 25
GC=F,2025-03-16,271147.0,USD,CMX,FUTURE,GC=F,GCJ25.CMX,Gold Apr 25
HG=F,2025-03-16,128308.0,USD,CMX,FUTURE,HG=F,HGK25.CMX,Copper May 25
CL=F,2025-03-16,134406.0,USD,NYM,FUTURE,CL=F,CLJ25.NYM,Crude Oil Apr 25
BZ=F,2025-03-16,37464.0,USD,NYM,FUTURE,BZ=F,BZM25.NYM,Brent Crude Oil Last Day Financ
NG=F,2025-03-16,124107.0,USD,NYM,FUTURE,NG=F,NGJ25.NYM,Natural Gas Apr 25
ZC=F,2025-03-16,718058.0,USX,CBT,FUTURE,ZC=F,ZCK25.CBT,"Corn Futures,May-2025"
KE=F,2025-03-16,129483.0,USX,CBT,FUTURE,KE=F,KEK25.CBT,"KC HRW Wheat Futures,May-2025"
ZS=F,2025-03-16,375934.0,USX,CBT,FUTURE,ZS=F,ZSK25.CBT,"Soybean Futures,May-2025"
CC=F,2025-03-16,43573.0,USD,NYB,FUTURE,CC=F,CCK25.NYB,Cocoa May 25
KC=F,2025-03-16,76441.0,USX,NYB,FUTURE,KC=F,KCK25.NYB,Coffee May 25
SB=F,2025-03-16,336864.0,USX,NYB,FUTURE,SB=F,SBK25.NYB,Sugar #11 May 25
SI=F,2025-03-17,126038.0,USD,CMX,FUTURE,SI=F,SI.CMX,Silver May 25
GC=F,2025-03-17,271147.0,USD,CMX,FUTURE,GC=F,GC.CMX,Gold Apr 25
HG=F,2025-03-17,128308.0,USD,CMX,FUTURE,HG=F,HG.CMX,Copper May 25
CL=F,2025-03-17,134406.0,USD,NYM,FUTURE,CL=F,CL.NYM,Crude Oil Apr 25
BZ=F,2025-03-17,37464.0,USD,NYM,FUTURE,BZ=F,BZ.NYM,Brent Crude Oil Last Day Financ
NG=F,2025-03-17,124107.0,USD,NYM,FUTURE,NG=F,NG.NYM,Natural Gas Apr 25
ZC=F,2025-03-17,718058.0,USX,CBT,FUTURE,ZC=F,ZC.CBT,"Corn Futures,May-2025"
KE=F,2025-03-17,129483.0,USX,CBT,FUTURE,KE=F,KE.CBT,"KC HRW Wheat Futures,May-2025"
ZS=F,2025-03-17,375934.0,USX,CBT,FUTURE,ZS=F,ZS.CBT,"Soybean Futures,May-2025"
CC=F,2025-03-17,43573.0,USD,NYB,FUTURE,CC=F,CC.NYB,Cocoa May 25
KC=F,2025-03-17,76441.0,USX,NYB,FUTURE,KC=F,KC.NYB,Coffee May 25
SB=F,2025-03-17,336864.0,USX,NYB,FUTURE,SB=F,SB.NYB,Sugar #11 May 25
SI=F,2025-03-18,127244.0,USD,CMX,FUTURE,SI=F,SIK25.CMX,Silver May 25
GC=F,2025-03-18,259649.0,USD,CMX,FUTURE,GC=F,GCJ25.CMX,Gold Apr 25
HG=F,2025-03-18,131920.0,USD,CMX,FUTURE,HG=F,HGK25.CMX,Copper May 25
CL=F,2025-03-18,80432.0,USD,NYM,FUTURE,CL=F,CLJ25.NYM,Crude Oil Apr 25
BZ=F,2025-03-18,37549.0,USD,NYM,FUTURE,BZ=F,BZM25.NYM,Brent Crude Oil Last Day Financ
NG=F,2025-03-18,98551.0,USD,NYM,FUTURE,NG=F,NGJ25.NYM,Natural Gas Apr 25
ZC=F,2025-03-18,698506.0,USX,CBT,FUTURE,ZC=F,ZCK25.CBT,"Corn Futures,May-2025"
KE=F,2025-03-18,129656.0,USX,CBT,FUTURE,KE=F,KEK25.CBT,"KC HRW Wheat Futures,May-2025"
ZS=F,2025-03-18,374281.0,USX,CBT,FUTURE,ZS=F,ZSK25.CBT,"Soybean Futures,May-2025"
CC=F,2025-03-18,42754.0,USD,NYB,FUTURE,CC=F,CCK25.NYB,Cocoa May 25
KC=F,2025-03-18,75091.0,USX,NYB,FUTURE,KC=F,KCK25.NYB,Coffee May 25
SB=F,2025-03-18,329443.0,USX,NYB,FUTURE,SB=F,SBK25.NYB,Sugar #11 May 25
SI=F,2025-03-19,129382.0,USD,CMX,FUTURE,SI=F,SIK25.CMX,Silver May 25
GC=F,2025-03-19,253152.0,USD,CMX,FUTURE,GC=F,GCJ25.CMX,Gold Apr 25
HG=F,2025-03-19,132213.0,USD,CMX,FUTURE,HG=F,HGK25.CMX,Copper May 25
CL=F,2025-03-19,44850.0,USD,NYM,FUTURE,CL=F,CLJ25.NYM,Crude Oil Apr 25
BZ=F,2025-03-19,37064.0,USD,NYM,FUTURE,BZ=F,BZM25.NYM,Brent Crude Oil Last Day Financ
NG=F,2025-03-19,74736.0,USD,NYM,FUTURE,NG=F,NGJ25.NYM,Natural Gas Apr 25
ZC=F,2025-03-19,684690.0,USX,CBT,FUTURE,ZC=F,ZCK25.CBT,"Corn Futures,May-2025"
KE=F,2025-03-19,127241.0,USX,CBT,FUTURE,KE=F,KEK25.CBT,"KC HRW Wheat Futures,May-2025"
ZS=F,2025-03-19,373220.0,USX,CBT,FUTURE,ZS=F,ZSK25.CBT,"Soybean Futures,May-2025"
CC=F,2025-03-19,42462.0,USD,NYB,FUTURE,CC=F,CCK25.NYB,Cocoa May 25
KC=F,2025-03-19,75292.0,USX,NYB,FUTURE,KC=F,KCK25.NYB,Coffee May 25
SB=F,2025-03-19,323458.0,USX,NYB,FUTURE,SB=F,SBK25.NYB,Sugar #11 May 25
SI=F,2025-03-20,128232.0,USD,CMX,FUTURE,SI=F,SIK25.CMX,Silver May 25
GC=F,2025-03-20,253205.0,USD,CMX,FUTURE,GC=F,GCJ25.CMX,Gold Apr 25
HG=F,2025-03-20,137068.0,USD,CMX,FUTURE,HG=F,HGK25.CMX,Copper May 25
CL=F,2025-03-20,19135.0,USD,NYM,FUTURE,CL=F,CLJ25.NYM,Crude Oil Apr 25
BZ=F,2025-03-20,37716.0,USD,NYM,FUTURE,BZ=F,BZM25.NYM,Brent Crude Oil Last Day Financ
NG=F,2025-03-20,67811.0,USD,NYM,FUTURE,NG=F,NGJ25.NYM,Natural Gas Apr 25
ZC=F,2025-03-20,673772.0,USX,CBT,FUTURE,ZC=F,ZCK25.CBT,"Corn Futures,May-2025"
KE=F,2025-03-20,124087.0,USX,CBT,FUTURE,KE=F,KEK25.CBT,"KC HRW Wheat Futures,May-2025"
ZS=F,2025-03-20,375706.0,USX,CBT,FUTURE,ZS=F,ZSK25.CBT,"Soybean Futures,May-2025"
CC=F,2025-03-20,42499.0,USD,NYB,FUTURE,CC=F,CCK25.NYB,Cocoa May 25
KC=F,2025-03-20,75405.0,USX,NYB,FUTURE,KC=F,KCK25.NYB,Coffee May 25
SB=F,2025-03-20,319574.0,USX,NYB,FUTURE,SB=F,SBK25.NYB,Sugar #11 May 25
SI=F,2025-03-21,127024.0,USD,CMX,FUTURE,SI=F,SIK25.CMX,Silver May 25
GC=F,2025-03-21,243894.0,USD,CMX,FUTURE,GC=F,GCJ25.CMX,Gold Apr 25
HG=F,2025-03-21,137777.0,USD,CMX,FUTURE,HG=F,HGK25.CMX,Copper May 25
CL=F,2025-03-21,3158.0,USD,NYM,FUTURE,CL=F,CLJ25.NYM,Crude Oil Apr 25
BZ=F,2025-03-21,38304.0,USD,NYM,FUTURE,BZ=F,BZM25.NYM,Brent Crude Oil Last Day Financ
NG=F,2025-03-21,51791.0,USD,NYM,FUTURE,NG=F,NGJ25.NYM,Natural Gas Apr 25
ZC=F,2025-03-21,663462.0,USX,CBT,FUTURE,ZC=F,ZCK25.CBT,"Corn Futures,May-2025"
KE=F,2025-03-21,123042.0,USX,CBT,FUTURE,KE=F,KEK25.CBT,"KC HRW Wheat Futures,May-2025"
ZS=F,2025-03-21,380565.0,USX,CBT,FUTURE,ZS=F,ZSK25.CBT,"Soybean Futures,May-2025"
CC=F,2025-03-21,41676.0,USD,NYB,FUTURE,CC=F,CCK25.NYB,Cocoa May 25
KC=F,2025-03-21,75631.0,USX,NYB,FUTURE,KC=F,KCK25.NYB,Coffee May 25
SB=F,2025-03-21,316673.0,USX,NYB,FUTURE,SB=F,SBK25.NYB,Sugar #11 May 25
SI=F,2025-03-22,126961.0,USD,CMX,FUTURE,SI=F,SIK25.CMX,Silver May 25
GC=F,2025-03-22,242764.0,USD,CMX,FUTURE,GC=F,GCJ25.CMX,Gold Apr 25
HG=F,2025-03-22,136979.0,USD,CMX,FUTURE,HG=F,HGK25.CMX,Copper May 25
CL=F,2025-03-22,337202.0,USD,NYM,FUTURE,CL=F,CLK25.NYM,Crude Oil May 25
BZ=F,2025-03-22,38304.0,USD,NYM,FUTURE,BZ=F,BZM25.NYM,Brent Crude Oil Last Day Financ
NG=F,2025-03-22,51548.0,USD,NYM,FUTURE,NG=F,NGJ25.NYM,Natural Gas Apr 25
ZC=F,2025-03-22,658785.0,USX,CBT,FUTURE,ZC=F,ZCK25.CBT,"Corn Futures,May-2025"
KE=F,2025-03-22,123441.0,USX,CBT,FUTURE,KE=F,KEK25.CBT,"KC HRW Wheat Futures,May-2025"
ZS=F,2025-03-22,388367.0,USX,CBT,FUTURE,ZS=F,ZSK25.CBT,"Soybean Futures,May-2025"
CC=F,2025-03-22,40713.0,USD,NYB,FUTURE,CC=F,CCK25.NYB,Cocoa May 25
KC=F,2025-03-22,72779.0,USX,NYB,FUTURE,KC=F,KCK25.NYB,Coffee May 25
SB=F,2025-03-22,314937.0,USX,NYB,FUTURE,SB=F,SBK25.NYB,Sugar #11 May 25
SI=F,2025-03-23,126961.0,USD,CMX,FUTURE,SI=F,SIK25.CMX,Silver May 25
GC=F,2025-03-23,242764.0,USD,CMX,FUTURE,GC=F,GCJ25.CMX,Gold Apr 25
HG=F,2025-03-23,136979.0,USD,CMX,FUTURE,HG=F,HGK25.CMX,Copper May 25
CL=F,2025-03-23,337202.0,USD,NYM,FUTURE,CL=F,CLK25.NYM,Crude Oil May 25
BZ=F,2025-03-23,38304.0,USD,NYM,FUTURE,BZ=F,BZM25.NYM,Brent Crude Oil Last Day Financ
NG=F,2025-03-23,51548.0,USD,NYM,FUTURE,NG=F,NGJ25.NYM,Natural Gas Apr 25
ZC=F,2025-03-23,658785.0,USX,CBT,FUTURE,ZC=F,ZCK25.CBT,"Corn Futures,May-2025"
KE=F,2025-03-23,123441.0,USX,CBT,FUTURE,KE=F,KEK25.CBT,"KC HRW Wheat Futures,May-2025"
ZS=F,2025-03-23,388367.0,USX,CBT,FUTURE,ZS=F,ZSK25.CBT,"Soybean Futures,May-2025"
CC=F,2025-03-23,40713.0,USD,NYB,FUTURE,CC=F,CCK25.NYB,Cocoa May 25
KC=F,2025-03-23,72779.0,USX,NYB,FUTURE,KC=F,KCK25.NYB,Coffee May 25
SB=F,2025-03-23,314937.0,USX,NYB,FUTURE,SB=F,SBK25.NYB,Sugar #11 May 25
SI=F,2025-03-24,126961.0,USD,CMX,FUTURE,SI=F,SI.CMX,Silver May 25
GC=F,2025-03-24,242764.0,USD,CMX,FUTURE,GC=F,GC.CMX,Gold Apr 25
HG=F,2025-03-24,136979.0,USD,CMX,FUTURE,HG=F,HG.CMX,Copper May 25
BZ=F,2025-03-24,20387.0,USD,NYM,FUTURE,BZ=F,BZ.NYM,Brent Crude Oil Last Day Financ
NG=F,2025-03-24,51548.0,USD,NYM,FUTURE,NG=F,NG.NYM,Natural Gas Apr 25
ZC=F,2025-03-24,658785.0,USX,CBT,FUTURE,ZC=F,ZC.CBT,"Corn Futures,May-2025"
KE=F,2025-03-24,123441.0,USX,CBT,FUTURE,KE=F,KE.CBT,"KC HRW Wheat Futures,May-2025"
ZS=F,2025-03-24,388367.0,USX,CBT,FUTURE,ZS=F,ZS.CBT,"Soybean Futures,May-2025"
CC=F,2025-03-24,40713.0,USD,NYB,FUTURE,CC=F,CC.NYB,Cocoa May 25
KC=F,2025-03-24,72779.0,USX,NYB,FUTURE,KC=F,KC.NYB,Coffee May 25
SB=F,2025-03-24,314937.0,USX,NYB,FUTURE,SB=F,SB.NYB,Sugar #11 May 25
SI=F,2025-03-25,125326.0,USD,CMX,FUTURE,SI=F,SIK25.CMX,Silver May 25
GC=F,2025-03-25,220606.0,USD,CMX,FUTURE,GC=F,GCJ25.CMX,Gold Apr 25
HG=F,2025-03-25,135725.0,USD,CMX,FUTURE,HG=F,HGK25.CMX,Copper May 25
CL=F,2025-03-25,329553.0,USD,NYM,FUTURE,CL=F,CLK25.NYM,Crude Oil May 25
BZ=F,2025-03-25,38304.0,USD,NYM,FUTURE,BZ=F,BZM25.NYM,Brent Crude Oil Last Day Financ
NG=F,2025-03-25,35949.0,USD,NYM,FUTURE,NG=F,NGJ25.NYM,Natural Gas Apr 25
ZC=F,2025-03-25,656332.0,USX,CBT,FUTURE,ZC=F,ZCK25.CBT,"Corn Futures,May-2025"
KE=F,2025-03-25,122242.0,USX,CBT,FUTURE,KE=F,KEK25.CBT,"KC HRW Wheat Futures,May-2025"
ZS=F,2025-03-25,378716.0,USX,CBT,FUTURE,ZS=F,ZSK25.CBT,"Soybean Futures,May-2025"
CC=F,2025-03-25,39981.0,USD,NYB,FUTURE,CC=F,CCK25.NYB,Cocoa May 25
KC=F,2025-03-25,73268.0,USX,NYB,FUTURE,KC=F,KCK25.NYB,Coffee May 25
SB=F,2025-03-25,315820.0,USX,NYB,FUTURE,SB=F,SBK25.NYB,Sugar #11 May 25
SI=F,2025-03-26,124649.0,USD,CMX,FUTURE,SI=F,SIK25.CMX,Silver May 25
GC=F,2025-03-26,164807.0,USD,CMX,FUTURE,GC=F,GCJ25.CMX,Gold Apr 25
HG=F,2025-03-26,137209.0,USD,CMX,FUTURE,HG=F,HGK25.CMX,Copper May 25
CL=F,2025-03-26,331185.0,USD,NYM,FUTURE,CL=F,CLK25.NYM,Crude Oil May 25
BZ=F,2025-03-26,41406.0,USD,NYM,FUTURE,BZ=F,BZM25.NYM,Brent Crude Oil Last Day Financ
NG=F,2025-03-26,25088.0,USD,NYM,FUTURE,NG=F,NGJ25.NYM,Natural Gas Apr 25
ZC=F,2025-03-26,650835.0,USX,CBT,FUTURE,ZC=F,ZCK25.CBT,"Corn Futures,May-2025"
KE=F,2025-03-26,121908.0,USX,CBT,FUTURE,KE=F,KEK25.CBT,"KC HRW Wheat Futures,May-2025"
ZS=F,2025-03-26,378001.0,USX,CBT,FUTURE,ZS=F,ZSK25.CBT,"Soybean Futures,May-2025"
CC=F,2025-03-26,39580.0,USD,NYB,FUTURE,CC=F,CCK25.NYB,Cocoa May 25
KC=F,2025-03-26,72227.0,USX,NYB,FUTURE,KC=F,KCK25.NYB,Coffee May 25
SB=F,2025-03-26,305986.0,USX,NYB,FUTURE,SB=F,SBK25.NYB,Sugar #11 May 25
SI=F,2025-03-27,125591.0,USD,CMX,FUTURE,SI=F,SIK25.CMX,Silver May 25
GC=F,2025-03-27,137391.0,USD,CMX,FUTURE,GC=F,GCJ25.CMX,Gold Apr 25
HG=F,2025-03-27,137362.0,USD,CMX,FUTURE,HG=F,HGK25.CMX,Copper May 25
CL=F,2025-03-27,327631.0,USD,NYM,FUTURE,CL=F,CLK25.NYM,Crude Oil May 25
BZ=F,2025-03-27,40789.0,USD,NYM,FUTURE,BZ=F,BZM25.NYM,Brent Crude Oil Last Day Financ
NG=F,2025-03-27,17512.0,USD,NYM,FUTURE,NG=F,NGJ25.NYM,Natural Gas Apr 25
ZC=F,2025-03-27,652322.0,USX,CBT,FUTURE,ZC=F,ZCK25.CBT,"Corn Futures,May-2025"
KE=F,2025-03-27,121769.0,USX,CBT,FUTURE,KE=F,KEK25.CBT,"KC HRW Wheat Futures,May-2025"
ZS=F,2025-03-27,375352.0,USX,CBT,FUTURE,ZS=F,ZSK25.CBT,"Soybean Futures,May-2025"
CC=F,2025-03-27,39435.0,USD,NYB,FUTURE,CC=F,CCK25.NYB,Cocoa May 25
KC=F,2025-03-27,71628.0,USX,NYB,FUTURE,KC=F,KCK25.NYB,Coffee May 25
SB=F,2025-03-27,300933.0,USX,NYB,FUTURE,SB=F,SBK25.NYB,Sugar #11 May 25
SI=F,2025-03-28,123912.0,USD,CMX,FUTURE,SI=F,SIK25.CMX,Silver May 25
GC=F,2025-03-28,94700.0,USD,CMX,FUTURE,GC=F,GCJ25.CMX,Gold Apr 25
HG=F,2025-03-28,128762.0,USD,CMX,FUTURE,HG=F,HGK25.CMX,Copper May 25
CL=F,2025-03-28,331359.0,USD,NYM,FUTURE,CL=F,CLK25.NYM,Crude Oil May 25
BZ=F,2025-03-28,42238.0,USD,NYM,FUTURE,BZ=F,BZM25.NYM,Brent Crude Oil Last Day Financ
NG=F,2025-03-28,3239.0,USD,NYM,FUTURE,NG=F,NGJ25.NYM,Natural Gas Apr 25
ZC=F,2025-03-28,645623.0,USX,CBT,FUTURE,ZC=F,ZCK25.CBT,"Corn Futures,May-2025"
KE=F,2025-03-28,120669.0,USX,CBT,FUTURE,KE=F,KEK25.CBT,"KC HRW Wheat Futures,May-2025"
ZS=F,2025-03-28,365789.0,USX,CBT,FUTURE,ZS=F,ZSK25.CBT,"Soybean Futures,May-2025"
CC=F,2025-03-28,39792.0,USD,NYB,FUTURE,CC=F,CCK25.NYB,Cocoa May 25
KC=F,2025-03-28,70746.0,USX,NYB,FUTURE,KC=F,KCK25.NYB,Coffee May 25
SB=F,2025-03-28,293092.0,USX,NYB,FUTURE,SB=F,SBK25.NYB,Sugar #11 May 25
SI=F,2025-03-29,126498.0,USD,CMX,FUTURE,SI=F,SIK25.CMX,Silver May 25
GC=F,2025-03-29,377352.0,USD,CMX,FUTURE,GC=F,GCM25.CMX,Gold Jun 25
HG=F,2025-03-29,124989.0,USD,CMX,FUTURE,HG=F,HGK25.CMX,Copper May 25
CL=F,2025-03-29,330240.0,USD,NYM,FUTURE,CL=F,CLK25.NYM,Crude Oil May 25
BZ=F,2025-03-29,44140.0,USD,NYM,FUTURE,BZ=F,BZM25.NYM,Brent Crude Oil Last Day Financ
NG=F,2025-03-29,295410.0,USD,NYM,FUTURE,NG=F,NGK25.NYM,Natural Gas May 25
ZC=F,2025-03-29,646262.0,USX,CBT,FUTURE,ZC=F,ZCK25.CBT,"Corn Futures,May-2025"
KE=F,2025-03-29,120324.0,USX,CBT,FUTURE,KE=F,KEK25.CBT,"KC HRW Wheat Futures,May-2025"
ZS=F,2025-03-29,363463.0,USX,CBT,FUTURE,ZS=F,ZSK25.CBT,"Soybean Futures,May-2025"
CC=F,2025-03-29,39430.0,USD,NYB,FUTURE,CC=F,CCK25.NYB,Cocoa May 25
KC=F,2025-03-29,67914.0,USX,NYB,FUTURE,KC=F,KCK25.NYB,Coffee May 25
SB=F,2025-03-29,286480.0,USX,NYB,FUTURE,SB=F,SBK25.NYB,Sugar #11 May 25
SI=F,2025-03-30,126498.0,USD,CMX,FUTURE,SI=F,SIK25.CMX,Silver May 25
GC=F,2025-03-30,377352.0,USD,CMX,FUTURE,GC=F,GCM25.CMX,Gold Jun 25
HG=F,2025-03-30,124989.0,USD,CMX,FUTURE,HG=F,HGK25.CMX,Copper May 25
CL=F,2025-03-30,330240.0,USD,NYM,FUTURE,CL=F,CLK25.NYM,Crude Oil May 25
BZ=F,2025-03-30,44140.0,USD,NYM,FUTURE,BZ=F,BZM25.NYM,Brent Crude Oil Last Day Financ
NG=F,2025-03-30,295410.0,USD,NYM,FUTURE,NG=F,NGK25.NYM,Natural Gas May 25
ZC=F,2025-03-30,646262.0,USX,CBT,FUTURE,ZC=F,ZCK25.CBT,"Corn Futures,May-2025"
KE=F,2025-03-30,120324.0,USX,CBT,FUTURE,KE=F,KEK25.CBT,"KC HRW Wheat Futures,May-2025"
ZS=F,2025-03-30,363463.0,USX,CBT,FUTURE,ZS=F,ZSK25.CBT,"Soybean Futures,May-2025"
CC=F,2025-03-30,39430.0,USD,NYB,FUTURE,CC=F,CCK25.NYB,Cocoa May 25
KC=F,2025-03-30,67914.0,USX,NYB,FUTURE,KC=F,KCK25.NYB,Coffee May 25
SB=F,2025-03-30,286480.0,USX,NYB,FUTURE,SB=F,SBK25.NYB,Sugar #11 May 25
SI=F,2025-03-31,126498.0,USD,CMX,FUTURE,SI=F,SI.CMX,Silver May 25
GC=F,2025-03-31,61242.0,USD,CMX,FUTURE,GC=F,GC.CMX,Gold Apr 25
HG=F,2025-03-31,124989.0,USD,CMX,FUTURE,HG=F,HG.CMX,Copper May 25
CL=F,2025-03-31,330240.0,USD,NYM,FUTURE,CL=F,CL.NYM,Crude Oil May 25
BZ=F,2025-03-31,44140.0,USD,NYM,FUTURE,BZ=F,BZ.NYM,Brent Crude Oil Last Day Financ
ZC=F,2025-03-31,646262.0,USX,CBT,FUTURE,ZC=F,ZC.CBT,"Corn Futures,May-2025"
KE=F,2025-03-31,120324.0,USX,CBT,FUTURE,KE=F,KE.CBT,"KC HRW Wheat Futures,May-2025"
ZS=F,2025-03-31,363463.0,USX,CBT,FUTURE,ZS=F,ZS.CBT,"Soybean Futures,May-2025"
CC=F,2025-03-31,39430.0,USD,NYB,FUTURE,CC=F,CC.NYB,Cocoa May 25
KC=F,2025-03-31,67914.0,USX,NYB,FUTURE,KC=F,KC.NYB,Coffee May 25
SB=F,2025-03-31,286480.0,USX,NYB,FUTURE,SB=F,SB.NYB,Sugar #11 May 25
SI=F,2025-04-01,126137.0,USD,CMX,FUTURE,SI=F,SIK25.CMX,Silver May 25
GC=F,2025-04-01,106662.0,USD,CMX,FUTURE,GC=F,GCM25.CMX,Gold Jun 25
HG=F,2025-04-01,122208.0,USD,CMX,FUTURE,HG=F,HGK25.CMX,Copper May 25
CL=F,2025-04-01,330750.0,USD,NYM,FUTURE,CL=F,CLK25.NYM,Crude Oil May 25
BZ=F,2025-04-01,44140.0,USD,NYM,FUTURE,BZ=F,BZM25.NYM,Brent Crude Oil Last Day Financ
NG=F,2025-04-01,292621.0,USD,NYM,FUTURE,NG=F,NGK25.NYM,Natural Gas May 25
ZC=F,2025-04-01,623072.0,USX,CBT,FUTURE,ZC=F,ZCK25.CBT,"Corn Futures,May-2025"
KE=F,2025-04-01,122557.0,USX,CBT,FUTURE,KE=F,KEK25.CBT,"KC HRW Wheat Futures,May-2025"
ZS=F,2025-04-01,357552.0,USX,CBT,FUTURE,ZS=F,ZSK25.CBT,"Soybean Futures,May-2025"
CC=F,2025-04-01,39193.0,USD,NYB,FUTURE,CC=F,CCK25.NYB,Cocoa May 25
KC=F,2025-04-01,65592.0,USX,NYB,FUTURE,KC=F,KCK25.NYB,Coffee May 25
SB=F,2025-04-01,283382.0,USX,NYB,FUTURE,SB=F,SBK25.NYB,Sugar #11 May 25
SI=F,2025-04-02,123769.0,USD,CMX,FUTURE,SI=F,SIK25.CMX,Silver May 25
GC=F,2025-04-02,408101.0,USD,CMX,FUTURE,GC=F,GCM25.CMX,Gold Jun 25
HG=F,2025-04-02,117940.0,USD,CMX,FUTURE,HG=F,HGK25.CMX,Copper May 25
CL=F,2025-04-02,321832.0,USD,NYM,FUTURE,CL=F,CLK25.NYM,Crude Oil May 25
BZ=F,2025-04-02,47188.0,USD,NYM,FUTURE,BZ=F,BZM25.NYM,Brent Crude Oil Last Day Financ
NG=F,2025-04-02,287717.0,USD,NYM,FUTURE,NG=F,NGK25.NYM,Natural Gas May 25
ZC=F,2025-04-02,551585.0,USX,CBT,FUTURE,ZC=F,ZCN25.CBT,"Corn Futures,Jul-2025"
KE=F,2025-04-02,120158.0,USX,CBT,FUTURE,KE=F,KEK25.CBT,"KC HRW Wheat Futures,May-2025"
ZS=F,2025-04-02,348223.0,USX,CBT,FUTURE,ZS=F,ZSN25.CBT,"Soybean Futures,Jul-2025"
CC=F,2025-04-02,29573.0,USD,NYB,FUTURE,CC=F,CCN25.NYB,Cocoa Jul 25
KC=F,2025-04-02,63124.0,USX,NYB,FUTURE,KC=F,KCN25.NYB,Coffee Jul 25
SB=F,2025-04-02,275450.0,USX,NYB,FUTURE,SB=F,SBN25.NYB,Sugar #11 Jul 25
SI=F,2025-04-03,121304.0,USD,CMX,FUTURE,SI=F,SIK25.CMX,Silver May 25
GC=F,2025-04-03,402730.0,USD,CMX,FUTURE,GC=F,GCM25.CMX,Gold Jun 25
HG=F,2025-04-03,114933.0,USD,CMX,FUTURE,HG=F,HGK25.CMX,Copper May 25
CL=F,2025-04-03,307027.0,USD,NYM,FUTURE,CL=F,CLK25.NYM,Crude Oil May 25
BZ=F,2025-04-03,45985.0,USD,NYM,FUTURE,BZ=F,BZM25.NYM,Brent Crude Oil Last Day Financ
NG=F,2025-04-03,287529.0,USD,NYM,FUTURE,NG=F,NGK25.NYM,Natural Gas May 25
ZC=F,2025-04-03,557388.0,USX,CBT,FUTURE,ZC=F,ZCN25.CBT,"Corn Futures,Jul-2025"
KE=F,2025-04-03,121143.0,USX,CBT,FUTURE,KE=F,KEK25.CBT,"KC HRW Wheat Futures,May-2025"
ZS=F,2025-04-03,238916.0,USX,CBT,FUTURE,ZS=F,ZSN25.CBT,"Soybean Futures,Jul-2025"
CC=F,2025-04-03,30052.0,USD,NYB,FUTURE,CC=F,CCN25.NYB,Cocoa Jul 25
KC=F,2025-04-03,51715.0,USX,NYB,FUTURE,KC=F,KCN25.NYB,Coffee Jul 25
SB=F,2025-04-03,222179.0,USX,NYB,FUTURE,SB=F,SBN25.NYB,Sugar #11 Jul 25
SI=F,2025-04-04,120134.0,USD,CMX,FUTURE,SI=F,SIK25.CMX,Silver May 25
GC=F,2025-04-04,401718.0,USD,CMX,FUTURE,GC=F,GCM25.CMX,Gold Jun 25
HG=F,2025-04-04,113024.0,USD,CMX,FUTURE,HG=F,HGK25.CMX,Copper May 25
CL=F,2025-04-04,297842.0,USD,NYM,FUTURE,CL=F,CLK25.NYM,Crude Oil May 25
BZ=F,2025-04-04,43672.0,USD,NYM,FUTURE,BZ=F,BZM25.NYM,Brent Crude Oil Last Day Financ
NG=F,2025-04-04,280665.0,USD,NYM,FUTURE,NG=F,NGK25.NYM,Natural Gas May 25
ZC=F,2025-04-04,601505.0,USX,CBT,FUTURE,ZC=F,ZCN25.CBT,"Corn Futures,Jul-2025"
KE=F,2025-04-04,117646.0,USX,CBT,FUTURE,KE=F,KEK25.CBT,"KC HRW Wheat Futures,May-2025"
ZS=F,2025-04-04,331666.0,USX,CBT,FUTURE,ZS=F,ZSN25.CBT,"Soybean Futures,Jul-2025"
CC=F,2025-04-04,37016.0,USD,NYB,FUTURE,CC=F,CCN25.NYB,Cocoa Jul 25
KC=F,2025-04-04,52903.0,USX,NYB,FUTURE,KC=F,KCN25.NYB,Coffee Jul 25
SB=F,2025-04-04,227397.0,USX,NYB,FUTURE,SB=F,SBN25.NYB,Sugar #11 Jul 25
SI=F,2025-04-05,111352.0,USD,CMX,FUTURE,SI=F,SIK25.CMX,Silver May 25
GC=F,2025-04-05,390508.0,USD,CMX,FUTURE,GC=F,GCM25.CMX,Gold Jun 25
HG=F,2025-04-05,108018.0,USD,CMX,FUTURE,HG=F,HGK25.CMX,Copper May 25
CL=F,2025-04-05,292649.0,USD,NYM,FUTURE,CL=F,CLK25.NYM,Crude Oil May 25
BZ=F,2025-04-05,41816.0,USD,NYM,FUTURE,BZ=F,BZN25.NYM,Brent Crude Oil Last Day Financ
NG=F,2025-04-05,271313.0,USD,NYM,FUTURE,NG=F,NGK25.NYM,Natural Gas May 25
ZC=F,2025-04-05,579860.0,USX,CBT,FUTURE,ZC=F,ZCN25.CBT,"Corn Futures,Jul-2025"
KE=F,2025-04-05,115523.0,USX,CBT,FUTURE,KE=F,KEK25.CBT,"KC HRW Wheat Futures,May-2025"
ZS=F,2025-04-05,246781.0,USX,CBT,FUTURE,ZS=F,ZSN25.CBT,"Soybean Futures,Jul-2025"
CC=F,2025-04-05,31091.0,USD,NYB,FUTURE,CC=F,CCN25.NYB,Cocoa Jul 25
KC=F,2025-04-05,57556.0,USX,NYB,FUTURE,KC=F,KCN25.NYB,Coffee Jul 25
SB=F,2025-04-05,256973.0,USX,NYB,FUTURE,SB=F,SBN25.NYB,Sugar #11 Jul 25
SI=F,2025-04-06,111352.0,USD,CMX,FUTURE,SI=F,SIK25.CMX,Silver May 25
GC=F,2025-04-06,390508.0,USD,CMX,FUTURE,GC=F,GCM25.CMX,Gold Jun 25
HG=F,2025-04-06,108018.0,USD,CMX,FUTURE,HG=F,HGK25.CMX,Copper May 25
CL=F,2025-04-06,292649.0,USD,NYM,FUTURE,CL=F,CLK25.NYM,Crude Oil May 25
BZ=F,2025-04-06,41816.0,USD,NYM,FUTURE,BZ=F,BZM25.NYM,Brent Crude Oil Last Day Financ
NG=F,2025-04-06,271313.0,USD,NYM,FUTURE,NG=F,NGK25.NYM,Natural Gas May 25
ZC=F,2025-04-06,577802.0,USX,CBT,FUTURE,ZC=F,ZCN25.CBT,"Corn Futures,Jul-2025"
KE=F,2025-04-06,115523.0,USX,CBT,FUTURE,KE=F,KEK25.CBT,"KC HRW Wheat Futures,May-2025"
ZS=F,2025-04-06,246781.0,USX,CBT,FUTURE,ZS=F,ZSN25.CBT,"Soybean Futures,Jul-2025"
CC=F,2025-04-06,31091.0,USD,NYB,FUTURE,CC=F,CCN25.NYB,Cocoa Jul 25
KC=F,2025-04-06,54714.0,USX,NYB,FUTURE,KC=F,KCN25.NYB,Coffee Jul 25
SB=F,2025-04-06,241265.0,USX,NYB,FUTURE,SB=F,SBN25.NYB,Sugar #11 Jul 25
SI=F,2025-04-07,111352.0,USD,CMX,FUTURE,SI=F,SI.CMX,Silver May 25
GC=F,2025-04-07,5253.0,USD,CMX,FUTURE,GC=F,GC.CMX,Gold Apr 25
HG=F,2025-04-07,108018.0,USD,CMX,FUTURE,HG=F,HG.CMX,Copper May 25
CL=F,2025-04-07,292649.0,USD,NYM,FUTURE,CL=F,CL.NYM,Crude Oil May 25
BZ=F,2025-04-07,21231.0,USD,NYM,FUTURE,BZ=F,BZ.NYM,Brent Crude Oil Last Day Financ
NG=F,2025-04-07,271313.0,USD,NYM,FUTURE,NG=F,NG.NYM,Natural Gas May 25
ZC=F,2025-04-07,579860.0,USX,CBT,FUTURE,ZC=F,ZC.CBT,"Corn Futures,May-2025"
KE=F,2025-04-07,82069.0,USX,CBT,FUTURE,KE=F,KE.CBT,"KC HRW Wheat Futures,Jul-2025"
ZS=F,2025-04-07,329222.0,USX,CBT,FUTURE,ZS=F,ZS.CBT,"Soybean Futures,May-2025"
CC=F,2025-04-07,31091.0,USD,NYB,FUTURE,CC=F,CC.NYB,Cocoa Jul 25
KC=F,2025-04-07,54714.0,USX,NYB,FUTURE,KC=F,KC.NYB,Coffee Jul 25
SB=F,2025-04-07,256973.0,USX,NYB,FUTURE,SB=F,SB.NYB,Sugar #11 May 25
SI=F,2025-04-08,106991.0,USD,CMX,FUTURE,SI=F,SIK25.CMX,Silver May 25
GC=F,2025-04-08,368593.0,USD,CMX,FUTURE,GC=F,GCM25.CMX,Gold Jun 25
HG=F,2025-04-08,102664.0,USD,CMX,FUTURE,HG=F,HGK25.CMX,Copper May 25
CL=F,2025-04-08,283488.0,USD,NYM,FUTURE,CL=F,CLK25.NYM,Crude Oil May 25
BZ=F,2025-04-08,46748.0,USD,NYM,FUTURE,BZ=F,BZM25.NYM,Brent Crude Oil Last Day Financ
NG=F,2025-04-08,267702.0,USD,NYM,FUTURE,NG=F,NGK25.NYM,Natural Gas May 25
ZC=F,2025-04-08,580622.0,USX,CBT,FUTURE,ZC=F,ZCN25.CBT,"Corn Futures,Jul-2025"
KE=F,2025-04-08,110784.0,USX,CBT,FUTURE,KE=F,KEK25.CBT,"KC HRW Wheat Futures,May-2025"
ZS=F,2025-04-08,257049.0,USX,CBT,FUTURE,ZS=F,ZSN25.CBT,"Soybean Futures,Jul-2025"
CC=F,2025-04-08,30723.0,USD,NYB,FUTURE,CC=F,CCN25.NYB,Cocoa Jul 25
KC=F,2025-04-08,56910.0,USX,NYB,FUTURE,KC=F,KCN25.NYB,Coffee Jul 25
SB=F,2025-04-08,247927.0,USX,NYB,FUTURE,SB=F,SBN25.NYB,Sugar #11 Jul 25
SI=F,2025-04-09,103924.0,USD,CMX,FUTURE,SI=F,SIK25.CMX,Silver May 25
GC=F,2025-04-09,371028.0,USD,CMX,FUTURE,GC=F,GCM25.CMX,Gold Jun 25
HG=F,2025-04-09,102146.0,USD,CMX,FUTURE,HG=F,HGK25.CMX,Copper May 25
CL=F,2025-04-09,258227.0,USD,NYM,FUTURE,CL=F,CLK25.NYM,Crude Oil May 25
BZ=F,2025-04-09,45224.0,USD,NYM,FUTURE,BZ=F,BZM25.NYM,Brent Crude Oil Last Day Financ
NG=F,2025-04-09,254702.0,USD,NYM,FUTURE,NG=F,NGK25.NYM,Natural Gas May 25
ZC=F,2025-04-09,587793.0,USX,CBT,FUTURE,ZC=F,ZCN25.CBT,"Corn Futures,Jul-2025"
KE=F,2025-04-09,101326.0,USX,CBT,FUTURE,KE=F,KEK25.CBT,"KC HRW Wheat Futures,May-2025"
ZS=F,2025-04-09,269875.0,USX,CBT,FUTURE,ZS=F,ZSN25.CBT,"Soybean Futures,Jul-2025"
CC=F,2025-04-09,31216.0,USD,NYB,FUTURE,CC=F,CCN25.NYB,Cocoa Jul 25
KC=F,2025-04-09,58964.0,USX,NYB,FUTURE,KC=F,KCN25.NYB,Coffee Jul 25
SB=F,2025-04-09,255999.0,USX,NYB,FUTURE,SB=F,SBN25.NYB,Sugar #11 Jul 25
SI=F,2025-04-10,86220.0,USD,CMX,FUTURE,SI=F,SIK25.CMX,Silver May 25
GC=F,2025-04-10,343306.0,USD,CMX,FUTURE,GC=F,GCM25.CMX,Gold Jun 25
HG=F,2025-04-10,89471.0,USD,CMX,FUTURE,HG=F,HGK25.CMX,Copper May 25
CL=F,2025-04-10,241915.0,USD,NYM,FUTURE,CL=F,CLK25.NYM,Crude Oil May 25
BZ=F,2025-04-10,25538.0,USD,NYM,FUTURE,BZ=F,BZM25.NYM,Brent Crude Oil Last Day Financ
NG=F,2025-04-10,206363.0,USD,NYM,FUTURE,NG=F,NGK25.NYM,Natural Gas May 25
ZC=F,2025-04-10,608680.0,USX,CBT,FUTURE,ZC=F,ZCN25.CBT,"Corn Futures,Jul-2025"
KE=F,2025-04-10,91498.0,USX,CBT,FUTURE,KE=F,KEN25.CBT,"KC HRW Wheat Futures,Jul-2025"
ZS=F,2025-04-10,282050.0,USX,CBT,FUTURE,ZS=F,ZSN25.CBT,"Soybean Futures,Jul-2025"
CC=F,2025-04-10,33245.0,USD,NYB,FUTURE,CC=F,CCN25.NYB,Cocoa Jul 25
KC=F,2025-04-10,60941.0,USX,NYB,FUTURE,KC=F,KCN25.NYB,Coffee Jul 25
SB=F,2025-04-10,260317.0,USX,NYB,FUTURE,SB=F,SBN25.NYB,Sugar #11 Jul 25
SI=F,2025-04-11,80091.0,USD,CMX,FUTURE,SI=F,SIK25.CMX,Silver May 25
GC=F,2025-04-11,345304.0,USD,CMX,FUTURE,GC=F,GCM25.CMX,Gold Jun 25
HG=F,2025-04-11,82212.0,USD,CMX,FUTURE,HG=F,HGK25.CMX,Copper May 25
CL=F,2025-04-11,210572.0,USD,NYM,FUTURE,CL=F,CLK25.NYM,Crude Oil May 25
BZ=F,2025-04-11,40894.0,USD,NYM,FUTURE,BZ=F,BZM25.NYM,Brent Crude Oil Last Day Financ
NG=F,2025-04-11,167561.0,USD,NYM,FUTURE,NG=F,NGK25.NYM,Natural Gas May 25
ZC=F,2025-04-11,618144.0,USX,CBT,FUTURE,ZC=F,ZCN25.CBT,"Corn Futures,Jul-2025"
KE=F,2025-04-11,79489.0,USX,CBT,FUTURE,KE=F,KEN25.CBT,"KC HRW Wheat Futures,Jul-2025"
ZS=F,2025-04-11,291016.0,USX,CBT,FUTURE,ZS=F,ZSN25.CBT,"Soybean Futures,Jul-2025"
CC=F,2025-04-11,34530.0,USD,NYB,FUTURE,CC=F,CCN25.NYB,Cocoa Jul 25
KC=F,2025-04-11,62717.0,USX,NYB,FUTURE,KC=F,KCN25.NYB,Coffee Jul 25
SB=F,2025-04-11,272981.0,USX,NYB,FUTURE,SB=F,SBN25.NYB,Sugar #11 Jul 25
SI=F,2025-04-12,75429.0,USD,CMX,FUTURE,SI=F,SIK25.CMX,Silver May 25
GC=F,2025-04-12,351390.0,USD,CMX,FUTURE,GC=F,GCM25.CMX,Gold Jun 25
HG=F,2025-04-12,76533.0,USD,CMX,FUTURE,HG=F,HGK25.CMX,Copper May 25
CL=F,2025-04-12,187095.0,USD,NYM,FUTURE,CL=F,CLK25.NYM,Crude Oil May 25
BZ=F,2025-04-12,39891.0,USD,NYM,FUTURE,BZ=F,BZM25.NYM,Brent Crude Oil Last Day Financ
NG=F,2025-04-12,144670.0,USD,NYM,FUTURE,NG=F,NGK25.NYM,Natural Gas May 25
ZC=F,2025-04-12,405090.0,USX,CBT,FUTURE,ZC=F,ZCN25.CBT,"Corn Futures,Jul-2025"
KE=F,2025-04-12,72729.0,USX,CBT,FUTURE,KE=F,KEK25.CBT,"KC HRW Wheat Futures,May-2025"
ZS=F,2025-04-12,295151.0,USX,CBT,FUTURE,ZS=F,ZSN25.CBT,"Soybean Futures,Jul-2025"
CC=F,2025-04-12,12701.0,USD,NYB,FUTURE,CC=F,CCN25.NYB,Cocoa Jul 25
KC=F,2025-04-12,28584.0,USX,NYB,FUTURE,KC=F,KCN25.NYB,Coffee Jul 25
SB=F,2025-04-12,287898.0,USX,NYB,FUTURE,SB=F,SBN25.NYB,Sugar #11 Jul 25
SI=F,2025-04-13,75429.0,USD,CMX,FUTURE,SI=F,SIK25.CMX,Silver May 25
GC=F,2025-04-13,351390.0,USD,CMX,FUTURE,GC=F,GCM25.CMX,Gold Jun 25
HG=F,2025-04-13,76533.0,USD,CMX,FUTURE,HG=F,HGK25.CMX,Copper May 25
CL=F,2025-04-13,187095.0,USD,NYM,FUTURE,CL=F,CLK25.NYM,Crude Oil May 25
BZ=F,2025-04-13,39891.0,USD,NYM,FUTURE,BZ=F,BZM25.NYM,Brent Crude Oil Last Day Financ
NG=F,2025-04-13,144670.0,USD,NYM,FUTURE,NG=F,NGK25.NYM,Natural Gas May 25
ZC=F,2025-04-13,578804.0,USX,CBT,FUTURE,ZC=F,ZCN25.CBT,"Corn Futures,Jul-2025"
KE=F,2025-04-13,118301.0,USX,CBT,FUTURE,KE=F,KEN25.CBT,"KC HRW Wheat Futures,Jul-2025"
ZS=F,2025-04-13,295151.0,USX,CBT,FUTURE,ZS=F,ZSN25.CBT,"Soybean Futures,Jul-2025"
CC=F,2025-04-13,36174.0,USD,NYB,FUTURE,CC=F,CCN25.NYB,Cocoa Jul 25
KC=F,2025-04-13,63895.0,USX,NYB,FUTURE,KC=F,KCN25.NYB,Coffee Jul 25
SB=F,2025-04-13,287898.0,USX,NYB,FUTURE,SB=F,SBN25.NYB,Sugar #11 Jul 25
SI=F,2025-04-14,75429.0,USD,CMX,FUTURE,SI=F,SI.CMX,Silver May 25
GC=F,2025-04-14,351390.0,USD,CMX,FUTURE,GC=F,GC.CMX,Gold Jun 25
HG=F,2025-04-14,76533.0,USD,CMX,FUTURE,HG=F,HG.CMX,Copper May 25
CL=F,2025-04-14,187095.0,USD,NYM,FUTURE,CL=F,CL.NYM,Crude Oil May 25
BZ=F,2025-04-14,39891.0,USD,NYM,FUTURE,BZ=F,BZ.NYM,Brent Crude Oil Last Day Financ
NG=F,2025-04-14,144670.0,USD,NYM,FUTURE,NG=F,NG.NYM,Natural Gas May 25
ZC=F,2025-04-14,578804.0,USX,CBT,FUTURE,ZC=F,ZC.CBT,"Corn Futures,Jul-2025"
KE=F,2025-04-14,118301.0,USX,CBT,FUTURE,KE=F,KE.CBT,"KC HRW Wheat Futures,Jul-2025"
ZS=F,2025-04-14,295151.0,USX,CBT,FUTURE,ZS=F,ZS.CBT,"Soybean Futures,Jul-2025"
CC=F,2025-04-14,36174.0,USD,NYB,FUTURE,CC=F,CC.NYB,Cocoa Jul 25
KC=F,2025-04-14,63895.0,USX,NYB,FUTURE,KC=F,KC.NYB,Coffee Jul 25
SB=F,2025-04-14,287898.0,USX,NYB,FUTURE,SB=F,SB.NYB,Sugar #11 Jul 25
SI=F,2025-04-15,64952.0,USD,CMX,FUTURE,SI=F,SIK25.CMX,Silver May 25
GC=F,2025-04-15,349819.0,USD,CMX,FUTURE,GC=F,GCM25.CMX,Gold Jun 25
HG=F,2025-04-15,66230.0,USD,CMX,FUTURE,HG=F,HGK25.CMX,Copper May 25
CL=F,2025-04-15,169955.0,USD,NYM,FUTURE,CL=F,CLK25.NYM,Crude Oil May 25
BZ=F,2025-04-15,28132.0,USD,NYM,FUTURE,BZ=F,BZM25.NYM,Brent Crude Oil Last Day Financ
NG=F,2025-04-15,121823.0,USD,NYM,FUTURE,NG=F,NGK25.NYM,Natural Gas May 25
ZC=F,2025-04-15,355026.0,USX,CBT,FUTURE,ZC=F,ZCN25.CBT,"Corn Futures,Jul-2025"
KE=F,2025-04-15,59753.0,USX,CBT,FUTURE,KE=F,KEN25.CBT,"KC HRW Wheat Futures,Jul-2025"
ZS=F,2025-04-15,196209.0,USX,CBT,FUTURE,ZS=F,ZSN25.CBT,"Soybean Futures,Jul-2025"
CC=F,2025-04-15,36665.0,USD,NYB,FUTURE,CC=F,CCN25.NYB,Cocoa Jul 25
KC=F,2025-04-15,64418.0,USX,NYB,FUTURE,KC=F,KCN25.NYB,Coffee Jul 25
SB=F,2025-04-15,153135.0,USX,NYB,FUTURE,SB=F,SBN25.NYB,Sugar #11 Jul 25
SI=F,2025-04-16,62913.0,USD,CMX,FUTURE,SI=F,SIK25.CMX,Silver May 25
GC=F,2025-04-16,345990.0,USD,CMX,FUTURE,GC=F,GCM25.CMX,Gold Jun 25
HG=F,2025-04-16,62099.0,USD,CMX,FUTURE,HG=F,HGK25.CMX,Copper May 25
CL=F,2025-04-16,145670.0,USD,NYM,FUTURE,CL=F,CLK25.NYM,Crude Oil May 25
BZ=F,2025-04-16,35504.0,USD,NYM,FUTURE,BZ=F,BZM25.NYM,Brent Crude Oil Last Day Financ
NG=F,2025-04-16,120262.0,USD,NYM,FUTURE,NG=F,NGK25.NYM,Natural Gas May 25
ZC=F,2025-04-16,635751.0,USX,CBT,FUTURE,ZC=F,ZCN25.CBT,"Corn Futures,Jul-2025"
KE=F,2025-04-16,129376.0,USX,CBT,FUTURE,KE=F,KEN25.CBT,"KC HRW Wheat Futures,Jul-2025"
ZS=F,2025-04-16,306226.0,USX,CBT,FUTURE,ZS=F,ZSN25.CBT,"Soybean Futures,Jul-2025"
CC=F,2025-04-16,37380.0,USD,NYB,FUTURE,CC=F,CCN25.NYB,Cocoa Jul 25
KC=F,2025-04-16,65316.0,USX,NYB,FUTURE,KC=F,KCN25.NYB,Coffee Jul 25
SB=F,2025-04-16,302641.0,USX,NYB,FUTURE,SB=F,SBN25.NYB,Sugar #11 Jul 25
SI=F,2025-04-17,60254.0,USD,CMX,FUTURE,SI=F,SIK25.CMX,Silver May 25
GC=F,2025-04-17,348201.0,USD,CMX,FUTURE,GC=F,GCM25.CMX,Gold Jun 25
HG=F,2025-04-17,57321.0,USD,CMX,FUTURE,HG=F,HGK25.CMX,Copper May 25
CL=F,2025-04-17,115950.0,USD,NYM,FUTURE,CL=F,CLK25.NYM,Crude Oil May 25
BZ=F,2025-04-17,35031.0,USD,NYM,FUTURE,BZ=F,BZM25.NYM,Brent Crude Oil Last Day Financ
NG=F,2025-04-17,104058.0,USD,NYM,FUTURE,NG=F,NGK25.NYM,Natural Gas May 25
ZC=F,2025-04-17,647520.0,USX,CBT,FUTURE,ZC=F,ZCN25.CBT,"Corn Futures,Jul-2025"
KE=F,2025-04-17,136635.0,USX,CBT,FUTURE,KE=F,KEN25.CBT,"KC HRW Wheat Futures,Jul-2025"
ZS=F,2025-04-17,310277.0,USX,CBT,FUTURE,ZS=F,ZSN25.CBT,"Soybean Futures,Jul-2025"
CC=F,2025-04-17,37157.0,USD,NYB,FUTURE,CC=F,CCN25.NYB,Cocoa Jul 25
KC=F,2025-04-17,67518.0,USX,NYB,FUTURE,KC=F,KCN25.NYB,Coffee Jul 25
SB=F,2025-04-17,318221.0,USX,NYB,FUTURE,SB=F,SBN25.NYB,Sugar #11 Jul 25
SI=F,2025-04-18,56015.0,USD,CMX,FUTURE,SI=F,SIK25.CMX,Silver May 25
GC=F,2025-04-18,353639.0,USD,CMX,FUTURE,GC=F,GCM25.CMX,Gold Jun 25
HG=F,2025-04-18,55146.0,USD,CMX,FUTURE,HG=F,HGK25.CMX,Copper May 25
CL=F,2025-04-18,72700.0,USD,NYM,FUTURE,CL=F,CLK25.NYM,Crude Oil May 25
BZ=F,2025-04-18,35125.0,USD,NYM,FUTURE,BZ=F,BZM25.NYM,Brent Crude Oil Last Day Financ
NG=F,2025-04-18,94615.0,USD,NYM,FUTURE,NG=F,NGK25.NYM,Natural Gas May 25
ZC=F,2025-04-18,651145.0,USX,CBT,FUTURE,ZC=F,ZCN25.CBT,"Corn Futures,Jul-2025"
KE=F,2025-04-18,39633.0,USX,CBT,FUTURE,KE=F,KEN25.CBT,"KC HRW Wheat Futures,Jul-2025"
ZS=F,2025-04-18,320305.0,USX,CBT,FUTURE,ZS=F,ZSN25.CBT,"Soybean Futures,Jul-2025"
CC=F,2025-04-18,37033.0,USD,NYB,FUTURE,CC=F,CCN25.NYB,Cocoa Jul 25
KC=F,2025-04-18,67673.0,USX,NYB,FUTURE,KC=F,KCN25.NYB,Coffee Jul 25
SB=F,2025-04-18,317765.0,USX,NYB,FUTURE,SB=F,SBN25.NYB,Sugar #11 Jul 25
SI=F,2025-04-19,51458.0,USD,CMX,FUTURE,SI=F,SIK25.CMX,Silver May 25
GC=F,2025-04-19,349922.0,USD,CMX,FUTURE,GC=F,GCM25.CMX,Gold Jun 25
HG=F,2025-04-19,49828.0,USD,CMX,FUTURE,HG=F,HGK25.CMX,Copper May 25
CL=F,2025-04-19,46858.0,USD,NYM,FUTURE,CL=F,CLK25.NYM,Crude Oil May 25
BZ=F,2025-04-19,36037.0,USD,NYM,FUTURE,BZ=F,BZM25.NYM,Brent Crude Oil Last Day Financ
NG=F,2025-04-19,76564.0,USD,NYM,FUTURE,NG=F,NGK25.NYM,Natural Gas May 25
ZC=F,2025-04-19,660700.0,USX,CBT,FUTURE,ZC=F,ZCN25.CBT,"Corn Futures,Jul-2025"
KE=F,2025-04-19,137684.0,USX,CBT,FUTURE,KE=F,KEN25.CBT,"KC HRW Wheat Futures,Jul-2025"
ZS=F,2025-04-19,324520.0,USX,CBT,FUTURE,ZS=F,ZSN25.CBT,"Soybean Futures,Jul-2025"
CC=F,2025-04-19,37033.0,USD,NYB,FUTURE,CC=F,CCN25.NYB,Cocoa Jul 25
KC=F,2025-04-19,67673.0,USX,NYB,FUTURE,KC=F,KCN25.NYB,Coffee Jul 25
SB=F,2025-04-19,317765.0,USX,NYB,FUTURE,SB=F,SBN25.NYB,Sugar #11 Jul 25
SI=F,2025-04-20,51458.0,USD,CMX,FUTURE,SI=F,SIK25.CMX,Silver May 25
GC=F,2025-04-20,349922.0,USD,CMX,FUTURE,GC=F,GCM25.CMX,Gold Jun 25
HG=F,2025-04-20,49828.0,USD,CMX,FUTURE,HG=F,HGK25.CMX,Copper May 25
CL=F,2025-04-20,46858.0,USD,NYM,FUTURE,CL=F,CLK25.NYM,Crude Oil May 25
BZ=F,2025-04-20,36037.0,USD,NYM,FUTURE,BZ=F,BZM25.NYM,Brent Crude Oil Last Day Financ
NG=F,2025-04-20,76564.0,USD,NYM,FUTURE,NG=F,NGK25.NYM,Natural Gas May 25
ZC=F,2025-04-20,660700.0,USX,CBT,FUTURE,ZC=F,ZCN25.CBT,"Corn Futures,Jul-2025"
KE=F,2025-04-20,137684.0,USX,CBT,FUTURE,KE=F,KEN25.CBT,"KC HRW Wheat Futures,Jul-2025"
ZS=F,2025-04-20,324520.0,USX,CBT,FUTURE,ZS=F,ZSN25.CBT,"Soybean Futures,Jul-2025"
CC=F,2025-04-20,37033.0,USD,NYB,FUTURE,CC=F,CCN25.NYB,Cocoa Jul 25
KC=F,2025-04-20,67673.0,USX,NYB,FUTURE,KC=F,KCN25.NYB,Coffee Jul 25
SB=F,2025-04-20,317765.0,USX,NYB,FUTURE,SB=F,SBN25.NYB,Sugar #11 Jul 25
SI=F,2025-04-21,51458.0,USD,CMX,FUTURE,SI=F,SI.CMX,Silver May 25
GC=F,2025-04-21,349922.0,USD,CMX,FUTURE,GC=F,GC.CMX,Gold Jun 25
HG=F,2025-04-21,49828.0,USD,CMX,FUTURE,HG=F,HG.CMX,Copper May 25
CL=F,2025-04-21,46858.0,USD,NYM,FUTURE,CL=F,CL.NYM,Crude Oil May 25
BZ=F,2025-04-21,36037.0,USD,NYM,FUTURE,BZ=F,BZ.NYM,Brent Crude Oil Last Day Financ
NG=F,2025-04-21,76564.0,USD,NYM,FUTURE,NG=F,NG.NYM,Natural Gas May 25
ZC=F,2025-04-21,660700.0,USX,CBT,FUTURE,ZC=F,ZC.CBT,"Corn Futures,Jul-2025"
KE=F,2025-04-21,137684.0,USX,CBT,FUTURE,KE=F,KE.CBT,"KC HRW Wheat Futures,Jul-2025"
ZS=F,2025-04-21,324520.0,USX,CBT,FUTURE,ZS=F,ZS.CBT,"Soybean Futures,Jul-2025"
CC=F,2025-04-21,37033.0,USD,NYB,FUTURE,CC=F,CC.NYB,Cocoa Jul 25
KC=F,2025-04-21,67673.0,USX,NYB,FUTURE,KC=F,KC.NYB,Coffee Jul 25
SB=F,2025-04-21,317765.0,USX,NYB,FUTURE,SB=F,SB.NYB,Sugar #11 Jul 25
SI=F,2025-04-22,51458.0,USD,CMX,FUTURE,SI=F,SIK25.CMX,Silver May 25
GC=F,2025-04-22,349922.0,USD,CMX,FUTURE,GC=F,GCM25.CMX,Gold Jun 25
HG=F,2025-04-22,49828.0,USD,CMX,FUTURE,HG=F,HGK25.CMX,Copper May 25
CL=F,2025-04-22,46858.0,USD,NYM,FUTURE,CL=F,CLK25.NYM,Crude Oil May 25
BZ=F,2025-04-22,36037.0,USD,NYM,FUTURE,BZ=F,BZM25.NYM,Brent Crude Oil Last Day Financ
NG=F,2025-04-22,76564.0,USD,NYM,FUTURE,NG=F,NGK25.NYM,Natural Gas May 25
ZC=F,2025-04-22,660700.0,USX,CBT,FUTURE,ZC=F,ZCN25.CBT,"Corn Futures,Jul-2025"
KE=F,2025-04-22,137684.0,USX,CBT,FUTURE,KE=F,KEN25.CBT,"KC HRW Wheat Futures,Jul-2025"
ZS=F,2025-04-22,324520.0,USX,CBT,FUTURE,ZS=F,ZSN25.CBT,"Soybean Futures,Jul-2025"
CC=F,2025-04-22,36944.0,USD,NYB,FUTURE,CC=F,CCN25.NYB,Cocoa Jul 25
KC=F,2025-04-22,67451.0,USX,NYB,FUTURE,KC=F,KCN25.NYB,Coffee Jul 25
SB=F,2025-04-22,322394.0,USX,NYB,FUTURE,SB=F,SBN25.NYB,Sugar #11 Jul 25
SI=F,2025-04-23,50667.0,USD,CMX,FUTURE,SI=F,SIK25.CMX,Silver May 25
GC=F,2025-04-23,354684.0,USD,CMX,FUTURE,GC=F,GCM25.CMX,Gold Jun 25
HG=F,2025-04-23,47155.0,USD,CMX,FUTURE,HG=F,HGK25.CMX,Copper May 25
CL=F,2025-04-23,19751.0,USD,NYM,FUTURE,CL=F,CLK25.NYM,Crude Oil May 25
BZ=F,2025-04-23,36439.0,USD,NYM,FUTURE,BZ=F,BZM25.NYM,Brent Crude Oil Last Day Financ
NG=F,2025-04-23,61041.0,USD,NYM,FUTURE,NG=F,NGK25.NYM,Natural Gas May 25
ZC=F,2025-04-23,666016.0,USX,CBT,FUTURE,ZC=F,ZCN25.CBT,"Corn Futures,Jul-2025"
KE=F,2025-04-23,33687.0,USX,CBT,FUTURE,KE=F,KEN25.CBT,"KC HRW Wheat Futures,Jul-2025"
ZS=F,2025-04-23,334956.0,USX,CBT,FUTURE,ZS=F,ZSN25.CBT,"Soybean Futures,Jul-2025"
CC=F,2025-04-23,38591.0,USD,NYB,FUTURE,CC=F,CCN25.NYB,Cocoa Jul 25
KC=F,2025-04-23,67825.0,USX,NYB,FUTURE,KC=F,KCN25.NYB,Coffee Jul 25
SB=F,2025-04-23,323653.0,USX,NYB,FUTURE,SB=F,SBN25.NYB,Sugar #11 Jul 25
SI=F,2025-04-24,46441.0,USD,CMX,FUTURE,SI=F,SIK25.CMX,Silver May 25
GC=F,2025-04-24,350351.0,USD,CMX,FUTURE,GC=F,GCM25.CMX,Gold Jun 25
HG=F,2025-04-24,39155.0,USD,CMX,FUTURE,HG=F,HGK25.CMX,Copper May 25
CL=F,2025-04-24,307810.0,USD,NYM,FUTURE,CL=F,CLM25.NYM,Crude Oil Jun 25
BZ=F,2025-04-24,32095.0,USD,NYM,FUTURE,BZ=F,BZM25.NYM,Brent Crude Oil Last Day Financ
NG=F,2025-04-24,42168.0,USD,NYM,FUTURE,NG=F,NGK25.NYM,Natural Gas May 25
ZC=F,2025-04-24,667834.0,USX,CBT,FUTURE,ZC=F,ZCN25.CBT,"Corn Futures,Jul-2025"
KE=F,2025-04-24,29196.0,USX,CBT,FUTURE,KE=F,KEN25.CBT,"KC HRW Wheat Futures,Jul-2025"
ZS=F,2025-04-24,342898.0,USX,CBT,FUTURE,ZS=F,ZSN25.CBT,"Soybean Futures,Jul-2025"
CC=F,2025-04-24,39074.0,USD,NYB,FUTURE,CC=F,CCN25.NYB,Cocoa Jul 25
KC=F,2025-04-24,68157.0,USX,NYB,FUTURE,KC=F,KCN25.NYB,Coffee Jul 25
SB=F,2025-04-24,323888.0,USX,NYB,FUTURE,SB=F,SBN25.NYB,Sugar #11 Jul 25
SI=F,2025-04-25,42362.0,USD,CMX,FUTURE,SI=F,SIK25.CMX,Silver May 25
GC=F,2025-04-25,342439.0,USD,CMX,FUTURE,GC=F,GCM25.CMX,Gold Jun 25
HG=F,2025-04-25,33222.0,USD,CMX,FUTURE,HG=F,HGK25.CMX,Copper May 25
CL=F,2025-04-25,300434.0,USD,NYM,FUTURE,CL=F,CLM25.NYM,Crude Oil Jun 25
BZ=F,2025-04-25,31332.0,USD,NYM,FUTURE,BZ=F,BZN25.NYM,Brent Crude Oil Last Day Financ
NG=F,2025-04-25,28629.0,USD,NYM,FUTURE,NG=F,NGK25.NYM,Natural Gas May 25
ZC=F,2025-04-25,674953.0,USX,CBT,FUTURE,ZC=F,ZCN25.CBT,"Corn Futures,Jul-2025"
KE=F,2025-04-25,147889.0,USX,CBT,FUTURE,KE=F,KEN25.CBT,"KC HRW Wheat Futures,Jul-2025"
ZS=F,2025-04-25,353781.0,USX,CBT,FUTURE,ZS=F,ZSN25.CBT,"Soybean Futures,Jul-2025"
CC=F,2025-04-25,39201.0,USD,NYB,FUTURE,CC=F,CCN25.NYB,Cocoa Jul 25
KC=F,2025-04-25,69247.0,USX,NYB,FUTURE,KC=F,KCN25.NYB,Coffee Jul 25
SB=F,2025-04-25,327068.0,USX,NYB,FUTURE,SB=F,SBN25.NYB,Sugar #11 Jul 25
SI=F,2025-04-26,34152.0,USD,CMX,FUTURE,SI=F,SIK25.CMX,Silver May 25
GC=F,2025-04-26,327650.0,USD,CMX,FUTURE,GC=F,GCM25.CMX,Gold Jun 25
HG=F,2025-04-26,24203.0,USD,CMX,FUTURE,HG=F,HGK25.CMX,Copper May 25
CL=F,2025-04-26,298517.0,USD,NYM,FUTURE,CL=F,CLM25.NYM,Crude Oil Jun 25
BZ=F,2025-04-26,31430.0,USD,NYM,FUTURE,BZ=F,BZN25.NYM,Brent Crude Oil Last Day Financ
NG=F,2025-04-26,23406.0,USD,NYM,FUTURE,NG=F,NGK25.NYM,Natural Gas May 25
ZC=F,2025-04-26,672170.0,USX,CBT,FUTURE,ZC=F,ZCN25.CBT,"Corn Futures,Jul-2025"
KE=F,2025-04-26,150769.0,USX,CBT,FUTURE,KE=F,KEN25.CBT,"KC HRW Wheat Futures,Jul-2025"
ZS=F,2025-04-26,365164.0,USX,CBT,FUTURE,ZS=F,ZSN25.CBT,"Soybean Futures,Jul-2025"
CC=F,2025-04-26,39788.0,USD,NYB,FUTURE,CC=F,CCN25.NYB,Cocoa Jul 25
KC=F,2025-04-26,70590.0,USX,NYB,FUTURE,KC=F,KCN25.NYB,Coffee Jul 25
SB=F,2025-04-26,333112.0,USX,NYB,FUTURE,SB=F,SBN25.NYB,Sugar #11 Jul 25
SI=F,2025-04-27,34152.0,USD,CMX,FUTURE,SI=F,SIK25.CMX,Silver May 25
GC=F,2025-04-27,327650.0,USD,CMX,FUTURE,GC=F,GCM25.CMX,Gold Jun 25
HG=F,2025-04-27,24203.0,USD,CMX,FUTURE,HG=F,HGK25.CMX,Copper May 25
CL=F,2025-04-27,298517.0,USD,NYM,FUTURE,CL=F,CLM25.NYM,Crude Oil Jun 25
BZ=F,2025-04-27,31430.0,USD,NYM,FUTURE,BZ=F,BZN25.NYM,Brent Crude Oil Last Day Financ
NG=F,2025-04-27,23406.0,USD,NYM,FUTURE,NG=F,NGK25.NYM,Natural Gas May 25
ZC=F,2025-04-27,672170.0,USX,CBT,FUTURE,ZC=F,ZCN25.CBT,"Corn Futures,Jul-2025"
KE=F,2025-04-27,150769.0,USX,CBT,FUTURE,KE=F,KEN25.CBT,"KC HRW Wheat Futures,Jul-2025"
ZS=F,2025-04-27,365164.0,USX,CBT,FUTURE,ZS=F,ZSN25.CBT,"Soybean Futures,Jul-2025"
CC=F,2025-04-27,39788.0,USD,NYB,FUTURE,CC=F,CCN25.NYB,Cocoa Jul 25
KC=F,2025-04-27,70590.0,USX,NYB,FUTURE,KC=F,KCN25.NYB,Coffee Jul 25
SB=F,2025-04-27,333112.0,USX,NYB,FUTURE,SB=F,SBN25.NYB,Sugar #11 Jul 25
SI=F,2025-04-28,34152.0,USD,CMX,FUTURE,SI=F,SI.CMX,Silver May 25
GC=F,2025-04-28,327650.0,USD,CMX,FUTURE,GC=F,GC.CMX,Gold Jun 25
HG=F,2025-04-28,24203.0,USD,CMX,FUTURE,HG=F,HG.CMX,Copper May 25
CL=F,2025-04-28,298517.0,USD,NYM,FUTURE,CL=F,CL.NYM,Crude Oil Jun 25
BZ=F,2025-04-28,31430.0,USD,NYM,FUTURE,BZ=F,BZ.NYM,Brent Crude Oil Last Day Financ
NG=F,2025-04-28,23406.0,USD,NYM,FUTURE,NG=F,NG.NYM,Natural Gas May 25
ZC=F,2025-04-28,672170.0,USX,CBT,FUTURE,ZC=F,ZC.CBT,"Corn Futures,Jul-2025"
KE=F,2025-04-28,150769.0,USX,CBT,FUTURE,KE=F,KE.CBT,"KC HRW Wheat Futures,Jul-2025"
ZS=F,2025-04-28,365164.0,USX,CBT,FUTURE,ZS=F,ZS.CBT,"Soybean Futures,Jul-2025"
CC=F,2025-04-28,39788.0,USD,NYB,FUTURE,CC=F,CC.NYB,Cocoa Jul 25
KC=F,2025-04-28,70590.0,USX,NYB,FUTURE,KC=F,KC.NYB,Coffee Jul 25
SB=F,2025-04-28,333112.0,USX,NYB,FUTURE,SB=F,SB.NYB,Sugar #11 Jul 25
SI=F,2025-04-29,27404.0,USD,CMX,FUTURE,SI=F,SIK25.CMX,Silver May 25
GC=F,2025-04-29,324294.0,USD,CMX,FUTURE,GC=F,GCM25.CMX,Gold Jun 25
HG=F,2025-04-29,16354.0,USD,CMX,FUTURE,HG=F,HGK25.CMX,Copper May 25
CL=F,2025-04-29,295096.0,USD,NYM,FUTURE,CL=F,CLM25.NYM,Crude Oil Jun 25
BZ=F,2025-04-29,31430.0,USD,NYM,FUTURE,BZ=F,BZN25.NYM,Brent Crude Oil Last Day Financ
NG=F,2025-04-29,1871.0,USD,NYM,FUTURE,NG=F,NGK25.NYM,Natural Gas May 25
ZC=F,2025-04-29,671411.0,USX,CBT,FUTURE,ZC=F,ZCN25.CBT,"Corn Futures,Jul-2025"
KE=F,2025-04-29,152890.0,USX,CBT,FUTURE,KE=F,KEN25.CBT,"KC HRW Wheat Futures,Jul-2025"
ZS=F,2025-04-29,370971.0,USX,CBT,FUTURE,ZS=F,ZSN25.CBT,"Soybean Futures,Jul-2025"
CC=F,2025-04-29,41449.0,USD,NYB,FUTURE,CC=F,CCN25.NYB,Cocoa Jul 25
KC=F,2025-04-29,72683.0,USX,NYB,FUTURE,KC=F,KCN25.NYB,Coffee Jul 25
SB=F,2025-04-29,340556.0,USX,NYB,FUTURE,SB=F,SBN25.NYB,Sugar #11 Jul 25
SI=F,2025-05-01,114602.0,USD,CMX,FUTURE,SI=F,SIN25.CMX,Silver Jul 25
GC=F,2025-05-01,323562.0,USD,CMX,FUTURE,GC=F,GCM25.CMX,Gold Jun 25
HG=F,2025-05-01,105696.0,USD,CMX,FUTURE,HG=F,HGN25.CMX,Copper Jul 25
CL=F,2025-05-01,290180.0,USD,NYM,FUTURE,CL=F,CLM25.NYM,Crude Oil Jun 25
BZ=F,2025-05-01,35484.0,USD,NYM,FUTURE,BZ=F,BZN25.NYM,Brent Crude Oil Last Day Financ
NG=F,2025-05-01,158496.0,USD,NYM,FUTURE,NG=F,NGM25.NYM,Natural Gas Jun 25
ZC=F,2025-05-01,677764.0,USX,CBT,FUTURE,ZC=F,ZCN25.CBT,"Corn Futures,Jul-2025"
KE=F,2025-05-01,163660.0,USX,CBT,FUTURE,KE=F,KEN25.CBT,"KC HRW Wheat Futures,Jul-2025"
ZS=F,2025-05-01,370057.0,USX,CBT,FUTURE,ZS=F,ZSN25.CBT,"Soybean Futures,Jul-2025"
CC=F,2025-05-01,40371.0,USD,NYB,FUTURE,CC=F,CCN25.NYB,Cocoa Jul 25
KC=F,2025-05-01,73514.0,USX,NYB,FUTURE,KC=F,KCN25.NYB,Coffee Jul 25
SB=F,2025-05-01,348504.0,USX,NYB,FUTURE,SB=F,SBN25.NYB,Sugar #11 Jul 25
SI=F,2025-05-02,110922.0,USD,CMX,FUTURE,SI=F,SIN25.CMX,Silver Jul 25
GC=F,2025-05-02,322708.0,USD,CMX,FUTURE,GC=F,GCM25.CMX,Gold Jun 25
HG=F,2025-05-02,104966.0,USD,CMX,FUTURE,HG=F,HGN25.CMX,Copper Jul 25
CL=F,2025-05-02,303286.0,USD,NYM,FUTURE,CL=F,CLM25.NYM,Crude Oil Jun 25
BZ=F,2025-05-02,38671.0,USD,NYM,FUTURE,BZ=F,BZN25.NYM,Brent Crude Oil Last Day Financ
NG=F,2025-05-02,154667.0,USD,NYM,FUTURE,NG=F,NGM25.NYM,Natural Gas Jun 25
ZC=F,2025-05-02,665212.0,USX,CBT,FUTURE,ZC=F,ZCN25.CBT,"Corn Futures,Jul-2025"
KE=F,2025-05-02,165444.0,USX,CBT,FUTURE,KE=F,KEN25.CBT,"KC HRW Wheat Futures,Jul-2025"
ZS=F,2025-05-02,364121.0,USX,CBT,FUTURE,ZS=F,ZSN25.CBT,"Soybean Futures,Jul-2025"
CC=F,2025-05-02,39846.0,USD,NYB,FUTURE,CC=F,CCN25.NYB,Cocoa Jul 25
KC=F,2025-05-02,72826.0,USX,NYB,FUTURE,KC=F,KCN25.NYB,Coffee Jul 25
SB=F,2025-05-02,351674.0,USX,NYB,FUTURE,SB=F,SBN25.NYB,Sugar #11 Jul 25
SI=F,2025-05-03,111036.0,USD,CMX,FUTURE,SI=F,SIN25.CMX,Silver Jul 25
GC=F,2025-05-03,314997.0,USD,CMX,FUTURE,GC=F,GCM25.CMX,Gold Jun 25
HG=F,2025-05-03,104249.0,USD,CMX,FUTURE,HG=F,HGN25.CMX,Copper Jul 25
CL=F,2025-05-03,297188.0,USD,NYM,FUTURE,CL=F,CLM25.NYM,Crude Oil Jun 25
BZ=F,2025-05-03,35985.0,USD,NYM,FUTURE,BZ=F,BZN25.NYM,Brent Crude Oil Last Day Financ
NG=F,2025-05-03,152780.0,USD,NYM,FUTURE,NG=F,NGM25.NYM,Natural Gas Jun 25
ZC=F,2025-05-03,666763.0,USX,CBT,FUTURE,ZC=F,ZCN25.CBT,"Corn Futures,Jul-2025"
KE=F,2025-05-03,167135.0,USX,CBT,FUTURE,KE=F,KEN25.CBT,"KC HRW Wheat Futures,Jul-2025"
ZS=F,2025-05-03,364666.0,USX,CBT,FUTURE,ZS=F,ZSN25.CBT,"Soybean Futures,Jul-2025"
CC=F,2025-05-03,40191.0,USD,NYB,FUTURE,CC=F,CCN25.NYB,Cocoa Jul 25
KC=F,2025-05-03,71280.0,USX,NYB,FUTURE,KC=F,KCN25.NYB,Coffee Jul 25
SB=F,2025-05-03,348616.0,USX,NYB,FUTURE,SB=F,SBN25.NYB,Sugar #11 Jul 25
SI=F,2025-05-04,111036.0,USD,CMX,FUTURE,SI=F,SIN25.CMX,Silver Jul 25
GC=F,2025-05-04,314997.0,USD,CMX,FUTURE,GC=F,GCM25.CMX,Gold Jun 25
HG=F,2025-05-04,104249.0,USD,CMX,FUTURE,HG=F,HGN25.CMX,Copper Jul 25
CL=F,2025-05-04,297188.0,USD,NYM,FUTURE,CL=F,CLM25.NYM,Crude Oil Jun 25
BZ=F,2025-05-04,35985.0,USD,NYM,FUTURE,BZ=F,BZN25.NYM,Brent Crude Oil Last Day Financ
NG=F,2025-05-04,152780.0,USD,NYM,FUTURE,NG=F,NGM25.NYM,Natural Gas Jun 25
ZC=F,2025-05-04,666763.0,USX,CBT,FUTURE,ZC=F,ZCN25.CBT,"Corn Futures,Jul-2025"
KE=F,2025-05-04,167135.0,USX,CBT,FUTURE,KE=F,KEN25.CBT,"KC HRW Wheat Futures,Jul-2025"
ZS=F,2025-05-04,364666.0,USX,CBT,FUTURE,ZS=F,ZSN25.CBT,"Soybean Futures,Jul-2025"
CC=F,2025-05-04,40191.0,USD,NYB,FUTURE,CC=F,CCN25.NYB,Cocoa Jul 25
KC=F,2025-05-04,71280.0,USX,NYB,FUTURE,KC=F,KCN25.NYB,Coffee Jul 25
SB=F,2025-05-04,348616.0,USX,NYB,FUTURE,SB=F,SBN25.NYB,Sugar #11 Jul 25
SI=F,2025-05-05,111036.0,USD,CMX,FUTURE,SI=F,SI.CMX,Silver Jul 25
GC=F,2025-05-05,314997.0,USD,CMX,FUTURE,GC=F,GC.CMX,Gold Jun 25
HG=F,2025-05-05,104249.0,USD,CMX,FUTURE,HG=F,HG.CMX,Copper Jul 25
CL=F,2025-05-05,297188.0,USD,NYM,FUTURE,CL=F,CL.NYM,Crude Oil Jun 25
NG=F,2025-05-05,152780.0,USD,NYM,FUTURE,NG=F,NG.NYM,Natural Gas Jun 25
ZC=F,2025-05-05,666763.0,USX,CBT,FUTURE,ZC=F,ZC.CBT,"Corn Futures,Jul-2025"
KE=F,2025-05-05,167135.0,USX,CBT,FUTURE,KE=F,KE.CBT,"KC HRW Wheat Futures,Jul-2025"
ZS=F,2025-05-05,364666.0,USX,CBT,FUTURE,ZS=F,ZS.CBT,"Soybean Futures,Jul-2025"
CC=F,2025-05-05,40191.0,USD,NYB,FUTURE,CC=F,CC.NYB,Cocoa Jul 25
KC=F,2025-05-05,71280.0,USX,NYB,FUTURE,KC=F,KC.NYB,Coffee Jul 25
SB=F,2025-05-05,348616.0,USX,NYB,FUTURE,SB=F,SB.NYB,Sugar #11 Jul 25
SI=F,2025-05-06,109764.0,USD,CMX,FUTURE,SI=F,SIN25.CMX,Silver Jul 25
GC=F,2025-05-06,309303.0,USD,CMX,FUTURE,GC=F,GCM25.CMX,Gold Jun 25
HG=F,2025-05-06,104526.0,USD,CMX,FUTURE,HG=F,HGN25.CMX,Copper Jul 25
CL=F,2025-05-06,283490.0,USD,NYM,FUTURE,CL=F,CLM25.NYM,Crude Oil Jun 25
BZ=F,2025-05-06,34897.0,USD,NYM,FUTURE,BZ=F,BZN25.NYM,Brent Crude Oil Last Day Financ
NG=F,2025-05-06,151545.0,USD,NYM,FUTURE,NG=F,NGM25.NYM,Natural Gas Jun 25
ZC=F,2025-05-06,665836.0,USX,CBT,FUTURE,ZC=F,ZCN25.CBT,"Corn Futures,Jul-2025"
KE=F,2025-05-06,166201.0,USX,CBT,FUTURE,KE=F,KEN25.CBT,"KC HRW Wheat Futures,Jul-2025"
ZS=F,2025-05-06,370325.0,USX,CBT,FUTURE,ZS=F,ZSN25.CBT,"Soybean Futures,Jul-2025"
CC=F,2025-05-06,40391.0,USD,NYB,FUTURE,CC=F,CCN25.NYB,Cocoa Jul 25
KC=F,2025-05-06,70587.0,USX,NYB,FUTURE,KC=F,KCN25.NYB,Coffee Jul 25
SB=F,2025-05-06,352174.0,USX,NYB,FUTURE,SB=F,SBN25.NYB,Sugar #11 Jul 25
SI=F,2025-05-07,109710.0,USD,CMX,FUTURE,SI=F,SIN25.CMX,Silver Jul 25
GC=F,2025-05-07,308187.0,USD,CMX,FUTURE,GC=F,GCM25.CMX,Gold Jun 25
HG=F,2025-05-07,103164.0,USD,CMX,FUTURE,HG=F,HGN25.CMX,Copper Jul 25
CL=F,2025-05-07,268635.0,USD,NYM,FUTURE,CL=F,CLM25.NYM,Crude Oil Jun 25
BZ=F,2025-05-07,34961.0,USD,NYM,FUTURE,BZ=F,BZN25.NYM,Brent Crude Oil Last Day Financ
NG=F,2025-05-07,149562.0,USD,NYM,FUTURE,NG=F,NGM25.NYM,Natural Gas Jun 25
ZC=F,2025-05-07,676223.0,USX,CBT,FUTURE,ZC=F,ZCN25.CBT,"Corn Futures,Jul-2025"
KE=F,2025-05-07,166284.0,USX,CBT,FUTURE,KE=F,KEN25.CBT,"KC HRW Wheat Futures,Jul-2025"
ZS=F,2025-05-07,368627.0,USX,CBT,FUTURE,ZS=F,ZSN25.CBT,"Soybean Futures,Jul-2025"
CC=F,2025-05-07,40157.0,USD,NYB,FUTURE,CC=F,CCN25.NYB,Cocoa Jul 25
KC=F,2025-05-07,70326.0,USX,NYB,FUTURE,KC=F,KCN25.NYB,Coffee Jul 25
SB=F,2025-05-07,349772.0,USX,NYB,FUTURE,SB=F,SBN25.NYB,Sugar #11 Jul 25
SI=F,2025-05-08,111364.0,USD,CMX,FUTURE,SI=F,SIN25.CMX,Silver Jul 25
GC=F,2025-05-08,305803.0,USD,CMX,FUTURE,GC=F,GCM25.CMX,Gold Jun 25
HG=F,2025-05-08,103059.0,USD,CMX,FUTURE,HG=F,HGN25.CMX,Copper Jul 25
CL=F,2025-05-08,257388.0,USD,NYM,FUTURE,CL=F,CLM25.NYM,Crude Oil Jun 25
BZ=F,2025-05-08,37068.0,USD,NYM,FUTURE,BZ=F,BZN25.NYM,Brent Crude Oil Last Day Financ
NG=F,2025-05-08,146309.0,USD,NYM,FUTURE,NG=F,NGM25.NYM,Natural Gas Jun 25
ZC=F,2025-05-08,668587.0,USX,CBT,FUTURE,ZC=F,ZCN25.CBT,"Corn Futures,Jul-2025"
KE=F,2025-05-08,168289.0,USX,CBT,FUTURE,KE=F,KEN25.CBT,"KC HRW Wheat Futures,Jul-2025"
ZS=F,2025-05-08,369894.0,USX,CBT,FUTURE,ZS=F,ZSN25.CBT,"Soybean Futures,Jul-2025"
CC=F,2025-05-08,39729.0,USD,NYB,FUTURE,CC=F,CCN25.NYB,Cocoa Jul 25
KC=F,2025-05-08,69334.0,USX,NYB,FUTURE,KC=F,KCN25.NYB,Coffee Jul 25
SB=F,2025-05-08,345908.0,USX,NYB,FUTURE,SB=F,SBN25.NYB,Sugar #11 Jul 25
SI=F,2025-05-09,109220.0,USD,CMX,FUTURE,SI=F,SIN25.CMX,Silver Jul 25
GC=F,2025-05-09,283553.0,USD,CMX,FUTURE,GC=F,GCM25.CMX,Gold Jun 25
HG=F,2025-05-09,102511.0,USD,CMX,FUTURE,HG=F,HGN25.CMX,Copper Jul 25
CL=F,2025-05-09,229074.0,USD,NYM,FUTURE,CL=F,CLM25.NYM,Crude Oil Jun 25
BZ=F,2025-05-09,39529.0,USD,NYM,FUTURE,BZ=F,BZN25.NYM,Brent Crude Oil Last Day Financ
NG=F,2025-05-09,142461.0,USD,NYM,FUTURE,NG=F,NGM25.NYM,Natural Gas Jun 25
ZC=F,2025-05-09,674660.0,USX,CBT,FUTURE,ZC=F,ZCN25.CBT,"Corn Futures,Jul-2025"
KE=F,2025-05-09,167552.0,USX,CBT,FUTURE,KE=F,KEN25.CBT,"KC HRW Wheat Futures,Jul-2025"
ZS=F,2025-05-09,375682.0,USX,CBT,FUTURE,ZS=F,ZSN25.CBT,"Soybean Futures,Jul-2025"
CC=F,2025-05-09,40307.0,USD,NYB,FUTURE,CC=F,CCN25.NYB,Cocoa Jul 25
KC=F,2025-05-09,68860.0,USX,NYB,FUTURE,KC=F,KCN25.NYB,Coffee Jul 25
SB=F,2025-05-09,346616.0,USX,NYB,FUTURE,SB=F,SBN25.NYB,Sugar #11 Jul 25
SI=F,2025-05-10,106229.0,USD,CMX,FUTURE,SI=F,SIN25.CMX,Silver Jul 25
GC=F,2025-05-10,261155.0,USD,CMX,FUTURE,GC=F,GCM25.CMX,Gold Jun 25
HG=F,2025-05-10,103229.0,USD,CMX,FUTURE,HG=F,HGN25.CMX,Copper Jul 25
CL=F,2025-05-10,219419.0,USD,NYM,FUTURE,CL=F,CLM25.NYM,Crude Oil Jun 25
BZ=F,2025-05-10,40822.0,USD,NYM,FUTURE,BZ=F,BZN25.NYM,Brent Crude Oil Last Day Financ
NG=F,2025-05-10,139261.0,USD,NYM,FUTURE,NG=F,NGM25.NYM,Natural Gas Jun 25
ZC=F,2025-05-10,678978.0,USX,CBT,FUTURE,ZC=F,ZCN25.CBT,"Corn Futures,Jul-2025"
KE=F,2025-05-10,168159.0,USX,CBT,FUTURE,KE=F,KEN25.CBT,"KC HRW Wheat Futures,Jul-2025"
ZS=F,2025-05-10,374511.0,USX,CBT,FUTURE,ZS=F,ZSN25.CBT,"Soybean Futures,Jul-2025"
CC=F,2025-05-10,40620.0,USD,NYB,FUTURE,CC=F,CCN25.NYB,Cocoa Jul 25
KC=F,2025-05-10,68784.0,USX,NYB,FUTURE,KC=F,KCN25.NYB,Coffee Jul 25
SB=F,2025-05-10,345960.0,USX,NYB,FUTURE,SB=F,SBN25.NYB,Sugar #11 Jul 25
SI=F,2025-05-11,106229.0,USD,CMX,FUTURE,SI=F,SIN25.CMX,Silver Jul 25
GC=F,2025-05-11,261155.0,USD,CMX,FUTURE,GC=F,GCM25.CMX,Gold Jun 25
HG=F,2025-05-11,103229.0,USD,CMX,FUTURE,HG=F,HGN25.CMX,Copper Jul 25
CL=F,2025-05-11,219419.0,USD,NYM,FUTURE,CL=F,CLM25.NYM,Crude Oil Jun 25
BZ=F,2025-05-11,40822.0,USD,NYM,FUTURE,BZ=F,BZN25.NYM,Brent Crude Oil Last Day Financ
NG=F,2025-05-11,139261.0,USD,NYM,FUTURE,NG=F,NGM25.NYM,Natural Gas Jun 25
ZC=F,2025-05-11,678978.0,USX,CBT,FUTURE,ZC=F,ZCN25.CBT,"Corn Futures,Jul-2025"
KE=F,2025-05-11,168159.0,USX,CBT,FUTURE,KE=F,KEN25.CBT,"KC HRW Wheat Futures,Jul-2025"
ZS=F,2025-05-11,374511.0,USX,CBT,FUTURE,ZS=F,ZSN25.CBT,"Soybean Futures,Jul-2025"
CC=F,2025-05-11,40620.0,USD,NYB,FUTURE,CC=F,CCN25.NYB,Cocoa Jul 25
KC=F,2025-05-11,68784.0,USX,NYB,FUTURE,KC=F,KCN25.NYB,Coffee Jul 25
SB=F,2025-05-11,345960.0,USX,NYB,FUTURE,SB=F,SBN25.NYB,Sugar #11 Jul 25
SI=F,2025-05-12,1241.0,USD,CMX,FUTURE,SI=F,SI.CMX,Silver May 25
GC=F,2025-05-12,261155.0,USD,CMX,FUTURE,GC=F,GC.CMX,Gold Jun 25
HG=F,2025-05-12,103229.0,USD,CMX,FUTURE,HG=F,HG.CMX,Copper Jul 25
CL=F,2025-05-12,219419.0,USD,NYM,FUTURE,CL=F,CL.NYM,Crude Oil Jun 25
BZ=F,2025-05-12,40822.0,USD,NYM,FUTURE,BZ=F,BZ.NYM,Brent Crude Oil Last Day Financ
NG=F,2025-05-12,139261.0,USD,NYM,FUTURE,NG=F,NG.NYM,Natural Gas Jun 25
ZC=F,2025-05-12,678978.0,USX,CBT,FUTURE,ZC=F,ZC.CBT,"Corn Futures,Jul-2025"
KE=F,2025-05-12,168159.0,USX,CBT,FUTURE,KE=F,KE.CBT,"KC HRW Wheat Futures,Jul-2025"
ZS=F,2025-05-12,374511.0,USX,CBT,FUTURE,ZS=F,ZS.CBT,"Soybean Futures,Jul-2025"
CC=F,2025-05-12,40620.0,USD,NYB,FUTURE,CC=F,CC.NYB,Cocoa Jul 25
KC=F,2025-05-12,68784.0,USX,NYB,FUTURE,KC=F,KC.NYB,Coffee Jul 25
SB=F,2025-05-12,345960.0,USX,NYB,FUTURE,SB=F,SB.NYB,Sugar #11 Jul 25
SI=F,2025-05-13,106309.0,USD,CMX,FUTURE,SI=F,SIN25.CMX,Silver Jul 25
GC=F,2025-05-13,246570.0,USD,CMX,FUTURE,GC=F,GCM25.CMX,Gold Jun 25
HG=F,2025-05-13,103092.0,USD,CMX,FUTURE,HG=F,HGN25.CMX,Copper Jul 25
CL=F,2025-05-13,200444.0,USD,NYM,FUTURE,CL=F,CLM25.NYM,Crude Oil Jun 25
BZ=F,2025-05-13,40822.0,USD,NYM,FUTURE,BZ=F,BZN25.NYM,Brent Crude Oil Last Day Financ
NG=F,2025-05-13,137080.0,USD,NYM,FUTURE,NG=F,NGM25.NYM,Natural Gas Jun 25
ZC=F,2025-05-13,674777.0,USX,CBT,FUTURE,ZC=F,ZCN25.CBT,"Corn Futures,Jul-2025"
KE=F,2025-05-13,168159.0,USX,CBT,FUTURE,KE=F,KEN25.CBT,"KC HRW Wheat Futures,Jul-2025"
ZS=F,2025-05-13,373540.0,USX,CBT,FUTURE,ZS=F,ZSN25.CBT,"Soybean Futures,Jul-2025"
CC=F,2025-05-13,40837.0,USD,NYB,FUTURE,CC=F,CCN25.NYB,Cocoa Jul 25
KC=F,2025-05-13,68718.0,USX,NYB,FUTURE,KC=F,KCN25.NYB,Coffee Jul 25
SB=F,2025-05-13,337900.0,USX,NYB,FUTURE,SB=F,SBN25.NYB,Sugar #11 Jul 25
SI=F,2025-05-14,106546.0,USD,CMX,FUTURE,SI=F,SIN25.CMX,Silver Jul 25
GC=F,2025-05-14,224527.0,USD,CMX,FUTURE,GC=F,GCM25.CMX,Gold Jun 25
HG=F,2025-05-14,102818.0,USD,CMX,FUTURE,HG=F,HGN25.CMX,Copper Jul 25
CL=F,2025-05-14,181688.0,USD,NYM,FUTURE,CL=F,CLM25.NYM,Crude Oil Jun 25
BZ=F,2025-05-14,37526.0,USD,NYM,FUTURE,BZ=F,BZN25.NYM,Brent Crude Oil Last Day Financ
NG=F,2025-05-14,123376.0,USD,NYM,FUTURE,NG=F,NGM25.NYM,Natural Gas Jun 25
ZC=F,2025-05-14,670475.0,USX,CBT,FUTURE,ZC=F,ZCN25.CBT,"Corn Futures,Jul-2025"
KE=F,2025-05-14,167933.0,USX,CBT,FUTURE,KE=F,KEN25.CBT,"KC HRW Wheat Futures,Jul-2025"
ZS=F,2025-05-14,376409.0,USX,CBT,FUTURE,ZS=F,ZSN25.CBT,"Soybean Futures,Jul-2025"
CC=F,2025-05-14,40571.0,USD,NYB,FUTURE,CC=F,CCN25.NYB,Cocoa Jul 25
KC=F,2025-05-14,66783.0,USX,NYB,FUTURE,KC=F,KCN25.NYB,Coffee Jul 25
SB=F,2025-05-14,334447.0,USX,NYB,FUTURE,SB=F,SBN25.NYB,Sugar #11 Jul 25
SI=F,2025-05-15,105771.0,USD,CMX,FUTURE,SI=F,SIN25.CMX,Silver Jul 25
GC=F,2025-05-15,204404.0,USD,CMX,FUTURE,GC=F,GCM25.CMX,Gold Jun 25
HG=F,2025-05-15,103645.0,USD,CMX,FUTURE,HG=F,HGN25.CMX,Copper Jul 25
CL=F,2025-05-15,153704.0,USD,NYM,FUTURE,CL=F,CLM25.NYM,Crude Oil Jun 25
BZ=F,2025-05-15,36658.0,USD,NYM,FUTURE,BZ=F,BZN25.NYM,Brent Crude Oil Last Day Financ
NG=F,2025-05-15,119196.0,USD,NYM,FUTURE,NG=F,NGM25.NYM,Natural Gas Jun 25
ZC=F,2025-05-15,674385.0,USX,CBT,FUTURE,ZC=F,ZCN25.CBT,"Corn Futures,Jul-2025"
KE=F,2025-05-15,170391.0,USX,CBT,FUTURE,KE=F,KEN25.CBT,"KC HRW Wheat Futures,Jul-2025"
ZS=F,2025-05-15,363627.0,USX,CBT,FUTURE,ZS=F,ZSN25.CBT,"Soybean Futures,Jul-2025"
CC=F,2025-05-15,40902.0,USD,NYB,FUTURE,CC=F,CCN25.NYB,Cocoa Jul 25
KC=F,2025-05-15,65006.0,USX,NYB,FUTURE,KC=F,KCN25.NYB,Coffee Jul 25
SB=F,2025-05-15,328073.0,USX,NYB,FUTURE,SB=F,SBN25.NYB,Sugar #11 Jul 25
SI=F,2025-05-16,105095.0,USD,CMX,FUTURE,SI=F,SIN25.CMX,Silver Jul 25
GC=F,2025-05-16,196781.0,USD,CMX,FUTURE,GC=F,GCM25.CMX,Gold Jun 25
HG=F,2025-05-16,102830.0,USD,CMX,FUTURE,HG=F,HGN25.CMX,Copper Jul 25
CL=F,2025-05-16,135999.0,USD,NYM,FUTURE,CL=F,CLM25.NYM,Crude Oil Jun 25
BZ=F,2025-05-16,35513.0,USD,NYM,FUTURE,BZ=F,BZN25.NYM,Brent Crude Oil Last Day Financ
NG=F,2025-05-16,110992.0,USD,NYM,FUTURE,NG=F,NGM25.NYM,Natural Gas Jun 25
ZC=F,2025-05-16,675892.0,USX,CBT,FUTURE,ZC=F,ZCN25.CBT,"Corn Futures,Jul-2025"
KE=F,2025-05-16,169365.0,USX,CBT,FUTURE,KE=F,KEN25.CBT,"KC HRW Wheat Futures,Jul-2025"
ZS=F,2025-05-16,365783.0,USX,CBT,FUTURE,ZS=F,ZSN25.CBT,"Soybean Futures,Jul-2025"
CC=F,2025-05-16,40731.0,USD,NYB,FUTURE,CC=F,CCN25.NYB,Cocoa Jul 25
KC=F,2025-05-16,61647.0,USX,NYB,FUTURE,KC=F,KCN25.NYB,Coffee Jul 25
SB=F,2025-05-16,322026.0,USX,NYB,FUTURE,SB=F,SBN25.NYB,Sugar #11 Jul 25
SI=F,2025-05-17,104831.0,USD,CMX,FUTURE,SI=F,SIN25.CMX,Silver Jul 25
GC=F,2025-05-17,189555.0,USD,CMX,FUTURE,GC=F,GCM25.CMX,Gold Jun 25
HG=F,2025-05-17,103181.0,USD,CMX,FUTURE,HG=F,HGN25.CMX,Copper Jul 25
CL=F,2025-05-17,78735.0,USD,NYM,FUTURE,CL=F,CLM25.NYM,Crude Oil Jun 25
BZ=F,2025-05-17,35675.0,USD,NYM,FUTURE,BZ=F,BZN25.NYM,Brent Crude Oil Last Day Financ
NG=F,2025-05-17,102310.0,USD,NYM,FUTURE,NG=F,NGM25.NYM,Natural Gas Jun 25
ZC=F,2025-05-17,679315.0,USX,CBT,FUTURE,ZC=F,ZCN25.CBT,"Corn Futures,Jul-2025"
KE=F,2025-05-17,168726.0,USX,CBT,FUTURE,KE=F,KEN25.CBT,"KC HRW Wheat Futures,Jul-2025"
ZS=F,2025-05-17,362368.0,USX,CBT,FUTURE,ZS=F,ZSN25.CBT,"Soybean Futures,Jul-2025"
CC=F,2025-05-17,41223.0,USD,NYB,FUTURE,CC=F,CCN25.NYB,Cocoa Jul 25
KC=F,2025-05-17,60889.0,USX,NYB,FUTURE,KC=F,KCN25.NYB,Coffee Jul 25
SB=F,2025-05-17,321046.0,USX,NYB,FUTURE,SB=F,SBN25.NYB,Sugar #11 Jul 25
SI=F,2025-05-18,104831.0,USD,CMX,FUTURE,SI=F,SIN25.CMX,Silver Jul 25
GC=F,2025-05-18,189555.0,USD,CMX,FUTURE,GC=F,GCM25.CMX,Gold Jun 25
HG=F,2025-05-18,103181.0,USD,CMX,FUTURE,HG=F,HGN25.CMX,Copper Jul 25
CL=F,2025-05-18,78735.0,USD,NYM,FUTURE,CL=F,CLM25.NYM,Crude Oil Jun 25
BZ=F,2025-05-18,35675.0,USD,NYM,FUTURE,BZ=F,BZN25.NYM,Brent Crude Oil Last Day Financ
NG=F,2025-05-18,102310.0,USD,NYM,FUTURE,NG=F,NGM25.NYM,Natural Gas Jun 25
ZC=F,2025-05-18,679315.0,USX,CBT,FUTURE,ZC=F,ZCN25.CBT,"Corn Futures,Jul-2025"
KE=F,2025-05-18,168726.0,USX,CBT,FUTURE,KE=F,KEN25.CBT,"KC HRW Wheat Futures,Jul-2025"
ZS=F,2025-05-18,362368.0,USX,CBT,FUTURE,ZS=F,ZSN25.CBT,"Soybean Futures,Jul-2025"
CC=F,2025-05-18,41223.0,USD,NYB,FUTURE,CC=F,CCN25.NYB,Cocoa Jul 25
KC=F,2025-05-18,60889.0,USX,NYB,FUTURE,KC=F,KCN25.NYB,Coffee Jul 25
SB=F,2025-05-18,321046.0,USX,NYB,FUTURE,SB=F,SBN25.NYB,Sugar #11 Jul 25
SI=F,2025-05-19,441.0,USD,CMX,FUTURE,SI=F,SI.CMX,Silver May 25
GC=F,2025-05-19,189555.0,USD,CMX,FUTURE,GC=F,GC.CMX,Gold Jun 25
HG=F,2025-05-19,2103.0,USD,CMX,FUTURE,HG=F,HG.CMX,Copper May 25
CL=F,2025-05-19,78735.0,USD,NYM,FUTURE,CL=F,CL.NYM,Crude Oil Jun 25
BZ=F,2025-05-19,35675.0,USD,NYM,FUTURE,BZ=F,BZ.NYM,Brent Crude Oil Last Day Financ
NG=F,2025-05-19,102310.0,USD,NYM,FUTURE,NG=F,NG.NYM,Natural Gas Jun 25
ZC=F,2025-05-19,679315.0,USX,CBT,FUTURE,ZC=F,ZC.CBT,"Corn Futures,Jul-2025"
KE=F,2025-05-19,168726.0,USX,CBT,FUTURE,KE=F,KE.CBT,"KC HRW Wheat Futures,Jul-2025"
ZS=F,2025-05-19,362368.0,USX,CBT,FUTURE,ZS=F,ZS.CBT,"Soybean Futures,Jul-2025"
CC=F,2025-05-19,41223.0,USD,NYB,FUTURE,CC=F,CC.NYB,Cocoa Jul 25
KC=F,2025-05-19,60889.0,USX,NYB,FUTURE,KC=F,KC.NYB,Coffee Jul 25
SB=F,2025-05-19,321046.0,USX,NYB,FUTURE,SB=F,SB.NYB,Sugar #11 Jul 25
SI=F,2025-05-20,104531.0,USD,CMX,FUTURE,SI=F,SIN25.CMX,Silver Jul 25
GC=F,2025-05-20,185744.0,USD,CMX,FUTURE,GC=F,GCM25.CMX,Gold Jun 25
HG=F,2025-05-20,103181.0,USD,CMX,FUTURE,HG=F,HGN25.CMX,Copper Jul 25
CL=F,2025-05-20,48420.0,USD,NYM,FUTURE,CL=F,CLM25.NYM,Crude Oil Jun 25
BZ=F,2025-05-20,35675.0,USD,NYM,FUTURE,BZ=F,BZN25.NYM,Brent Crude Oil Last Day Financ
NG=F,2025-05-20,88925.0,USD,NYM,FUTURE,NG=F,NGM25.NYM,Natural Gas Jun 25
ZC=F,2025-05-20,682405.0,USX,CBT,FUTURE,ZC=F,ZCN25.CBT,"Corn Futures,Jul-2025"
KE=F,2025-05-20,167500.0,USX,CBT,FUTURE,KE=F,KEN25.CBT,"KC HRW Wheat Futures,Jul-2025"
ZS=F,2025-05-20,358902.0,USX,CBT,FUTURE,ZS=F,ZSN25.CBT,"Soybean Futures,Jul-2025"
CC=F,2025-05-20,42284.0,USD,NYB,FUTURE,CC=F,CCN25.NYB,Cocoa Jul 25
KC=F,2025-05-20,60196.0,USX,NYB,FUTURE,KC=F,KCN25.NYB,Coffee Jul 25
SB=F,2025-05-20,325371.0,USX,NYB,FUTURE,SB=F,SBN25.NYB,Sugar #11 Jul 25
SI=F,2025-05-21,104823.0,USD,CMX,FUTURE,SI=F,SIN25.CMX,Silver Jul 25
GC=F,2025-05-21,181002.0,USD,CMX,FUTURE,GC=F,GCM25.CMX,Gold Jun 25
HG=F,2025-05-21,102622.0,USD,CMX,FUTURE,HG=F,HGN25.CMX,Copper Jul 25
CL=F,2025-05-21,20695.0,USD,NYM,FUTURE,CL=F,CLM25.NYM,Crude Oil Jun 25
BZ=F,2025-05-21,37069.0,USD,NYM,FUTURE,BZ=F,BZN25.NYM,Brent Crude Oil Last Day Financ
NG=F,2025-05-21,75596.0,USD,NYM,FUTURE,NG=F,NGM25.NYM,Natural Gas Jun 25
ZC=F,2025-05-21,687629.0,USX,CBT,FUTURE,ZC=F,ZCN25.CBT,"Corn Futures,Jul-2025"
KE=F,2025-05-21,168392.0,USX,CBT,FUTURE,KE=F,KEN25.CBT,"KC HRW Wheat Futures,Jul-2025"
ZS=F,2025-05-21,356035.0,USX,CBT,FUTURE,ZS=F,ZSN25.CBT,"Soybean Futures,Jul-2025"
CC=F,2025-05-21,42725.0,USD,NYB,FUTURE,CC=F,CCN25.NYB,Cocoa Jul 25
KC=F,2025-05-21,59485.0,USX,NYB,FUTURE,KC=F,KCN25.NYB,Coffee Jul 25
SB=F,2025-05-21,327611.0,USX,NYB,FUTURE,SB=F,SBN25.NYB,Sugar #11 Jul 25
SI=F,2025-05-22,108510.0,USD,CMX,FUTURE,SI=F,SIN25.CMX,Silver Jul 25
GC=F,2025-05-22,176844.0,USD,CMX,FUTURE,GC=F,GCM25.CMX,Gold Jun 25
HG=F,2025-05-22,101365.0,USD,CMX,FUTURE,HG=F,HGN25.CMX,Copper Jul 25
CL=F,2025-05-22,310129.0,USD,NYM,FUTURE,CL=F,CLN25.NYM,Crude Oil Jul 25
BZ=F,2025-05-22,38275.0,USD,NYM,FUTURE,BZ=F,BZN25.NYM,Brent Crude Oil Last Day Financ
NG=F,2025-05-22,52680.0,USD,NYM,FUTURE,NG=F,NGM25.NYM,Natural Gas Jun 25
ZC=F,2025-05-22,679970.0,USX,CBT,FUTURE,ZC=F,ZCN25.CBT,"Corn Futures,Jul-2025"
KE=F,2025-05-22,166961.0,USX,CBT,FUTURE,KE=F,KEN25.CBT,"KC HRW Wheat Futures,Jul-2025"
ZS=F,2025-05-22,348836.0,USX,CBT,FUTURE,ZS=F,ZSN25.CBT,"Soybean Futures,Jul-2025"
CC=F,2025-05-22,41469.0,USD,NYB,FUTURE,CC=F,CCN25.NYB,Cocoa Jul 25
KC=F,2025-05-22,59174.0,USX,NYB,FUTURE,KC=F,KCN25.NYB,Coffee Jul 25
SB=F,2025-05-22,330250.0,USX,NYB,FUTURE,SB=F,SBN25.NYB,Sugar #11 Jul 25
SI=F,2025-05-23,111871.0,USD,CMX,FUTURE,SI=F,SIN25.CMX,Silver Jul 25
GC=F,2025-05-23,160928.0,USD,CMX,FUTURE,GC=F,GCM25.CMX,Gold Jun 25
HG=F,2025-05-23,101909.0,USD,CMX,FUTURE,HG=F,HGN25.CMX,Copper Jul 25
CL=F,2025-05-23,316559.0,USD,NYM,FUTURE,CL=F,CLN25.NYM,Crude Oil Jul 25
BZ=F,2025-05-23,33331.0,USD,NYM,FUTURE,BZ=F,BZN25.NYM,Brent Crude Oil Last Day Financ
NG=F,2025-05-23,38218.0,USD,NYM,FUTURE,NG=F,NGM25.NYM,Natural Gas Jun 25
ZC=F,2025-05-23,676564.0,USX,CBT,FUTURE,ZC=F,ZCN25.CBT,"Corn Futures,Jul-2025"
KE=F,2025-05-23,165456.0,USX,CBT,FUTURE,KE=F,KEN25.CBT,"KC HRW Wheat Futures,Jul-2025"
ZS=F,2025-05-23,341363.0,USX,CBT,FUTURE,ZS=F,ZSN25.CBT,"Soybean Futures,Jul-2025"
CC=F,2025-05-23,40880.0,USD,NYB,FUTURE,CC=F,CCN25.NYB,Cocoa Jul 25
KC=F,2025-05-23,59201.0,USX,NYB,FUTURE,KC=F,KCN25.NYB,Coffee Jul 25
SB=F,2025-05-23,329754.0,USX,NYB,FUTURE,SB=F,SBN25.NYB,Sugar #11 Jul 25
SI=F,2025-05-24,110427.0,USD,CMX,FUTURE,SI=F,SIN25.CMX,Silver Jul 25
GC=F,2025-05-24,143847.0,USD,CMX,FUTURE,GC=F,GCM25.CMX,Gold Jun 25
HG=F,2025-05-24,99787.0,USD,CMX,FUTURE,HG=F,HGN25.CMX,Copper Jul 25
CL=F,2025-05-24,310641.0,USD,NYM,FUTURE,CL=F,CLN25.NYM,Crude Oil Jul 25
BZ=F,2025-05-24,28775.0,USD,NYM,FUTURE,BZ=F,BZQ25.NYM,Brent Crude Oil Last Day Financ
NG=F,2025-05-24,27378.0,USD,NYM,FUTURE,NG=F,NGM25.NYM,Natural Gas Jun 25
ZC=F,2025-05-24,669733.0,USX,CBT,FUTURE,ZC=F,ZCN25.CBT,"Corn Futures,Jul-2025"
KE=F,2025-05-24,162429.0,USX,CBT,FUTURE,KE=F,KEN25.CBT,"KC HRW Wheat Futures,Jul-2025"
ZS=F,2025-05-24,346108.0,USX,CBT,FUTURE,ZS=F,ZSN25.CBT,"Soybean Futures,Jul-2025"
CC=F,2025-05-24,40998.0,USD,NYB,FUTURE,CC=F,CCN25.NYB,Cocoa Jul 25
KC=F,2025-05-24,57794.0,USX,NYB,FUTURE,KC=F,KCN25.NYB,Coffee Jul 25
SB=F,2025-05-24,330084.0,USX,NYB,FUTURE,SB=F,SBN25.NYB,Sugar #11 Jul 25
SI=F,2025-05-25,110427.0,USD,CMX,FUTURE,SI=F,SIN25.CMX,Silver Jul 25
GC=F,2025-05-25,143847.0,USD,CMX,FUTURE,GC=F,GCM25.CMX,Gold Jun 25
HG=F,2025-05-25,99787.0,USD,CMX,FUTURE,HG=F,HGN25.CMX,Copper Jul 25
CL=F,2025-05-25,310641.0,USD,NYM,FUTURE,CL=F,CLN25.NYM,Crude Oil Jul 25
BZ=F,2025-05-25,28775.0,USD,NYM,FUTURE,BZ=F,BZQ25.NYM,Brent Crude Oil Last Day Financ
NG=F,2025-05-25,27378.0,USD,NYM,FUTURE,NG=F,NGM25.NYM,Natural Gas Jun 25
ZC=F,2025-05-25,669733.0,USX,CBT,FUTURE,ZC=F,ZCN25.CBT,"Corn Futures,Jul-2025"
KE=F,2025-05-25,162429.0,USX,CBT,FUTURE,KE=F,KEN25.CBT,"KC HRW Wheat Futures,Jul-2025"
ZS=F,2025-05-25,346108.0,USX,CBT,FUTURE,ZS=F,ZSN25.CBT,"Soybean Futures,Jul-2025"
CC=F,2025-05-25,40998.0,USD,NYB,FUTURE,CC=F,CCN25.NYB,Cocoa Jul 25
KC=F,2025-05-25,57794.0,USX,NYB,FUTURE,KC=F,KCN25.NYB,Coffee Jul 25
SB=F,2025-05-25,330084.0,USX,NYB,FUTURE,SB=F,SBN25.NYB,Sugar #11 Jul 25
SI=F,2025-05-26,110427.0,USD,CMX,FUTURE,SI=F,SI.CMX,Silver Jul 25
GC=F,2025-05-26,143847.0,USD,CMX,FUTURE,GC=F,GC.CMX,Gold Jun 25
HG=F,2025-05-26,99787.0,USD,CMX,FUTURE,HG=F,HG.CMX,Copper Jul 25
CL=F,2025-05-26,310641.0,USD,NYM,FUTURE,CL=F,CL.NYM,Crude Oil Jul 25
BZ=F,2025-05-26,28775.0,USD,NYM,FUTURE,BZ=F,BZ.NYM,Brent Crude Oil Last Day Financ
NG=F,2025-05-26,27378.0,USD,NYM,FUTURE,NG=F,NG.NYM,Natural Gas Jun 25
ZC=F,2025-05-26,669733.0,USX,CBT,FUTURE,ZC=F,ZC.CBT,"Corn Futures,Jul-2025"
KE=F,2025-05-26,162429.0,USX,CBT,FUTURE,KE=F,KE.CBT,"KC HRW Wheat Futures,Jul-2025"
ZS=F,2025-05-26,346108.0,USX,CBT,FUTURE,ZS=F,ZS.CBT,"Soybean Futures,Jul-2025"
CC=F,2025-05-26,40998.0,USD,NYB,FUTURE,CC=F,CC.NYB,Cocoa Jul 25
KC=F,2025-05-26,57794.0,USX,NYB,FUTURE,KC=F,KC.NYB,Coffee Jul 25
SB=F,2025-05-26,330084.0,USX,NYB,FUTURE,SB=F,SB.NYB,Sugar #11 Jul 25
SI=F,2025-05-27,110427.0,USD,CMX,FUTURE,SI=F,SIN25.CMX,Silver Jul 25
GC=F,2025-05-27,143847.0,USD,CMX,FUTURE,GC=F,GCM25.CMX,Gold Jun 25
HG=F,2025-05-27,99787.0,USD,CMX,FUTURE,HG=F,HGN25.CMX,Copper Jul 25
CL=F,2025-05-27,310641.0,USD,NYM,FUTURE,CL=F,CLN25.NYM,Crude Oil Jul 25
BZ=F,2025-05-27,28775.0,USD,NYM,FUTURE,BZ=F,BZQ25.NYM,Brent Crude Oil Last Day Financ
NG=F,2025-05-27,27378.0,USD,NYM,FUTURE,NG=F,NGM25.NYM,Natural Gas Jun 25
ZC=F,2025-05-27,669733.0,USX,CBT,FUTURE,ZC=F,ZCN25.CBT,"Corn Futures,Jul-2025"
KE=F,2025-05-27,162429.0,USX,CBT,FUTURE,KE=F,KEN25.CBT,"KC HRW Wheat Futures,Jul-2025"
ZS=F,2025-05-27,346108.0,USX,CBT,FUTURE,ZS=F,ZSN25.CBT,"Soybean Futures,Jul-2025"
CC=F,2025-05-27,40259.0,USD,NYB,FUTURE,CC=F,CCN25.NYB,Cocoa Jul 25
KC=F,2025-05-27,56480.0,USX,NYB,FUTURE,KC=F,KCN25.NYB,Coffee Jul 25
SB=F,2025-05-27,334017.0,USX,NYB,FUTURE,SB=F,SBN25.NYB,Sugar #11 Jul 25
SI=F,2025-05-28,110427.0,USD,CMX,FUTURE,SI=F,SIN25.CMX,Silver Jul 25
GC=F,2025-05-28,143847.0,USD,CMX,FUTURE,GC=F,GCM25.CMX,Gold Jun 25
HG=F,2025-05-28,99787.0,USD,CMX,FUTURE,HG=F,HGN25.CMX,Copper Jul 25
CL=F,2025-05-28,310641.0,USD,NYM,FUTURE,CL=F,CLN25.NYM,Crude Oil Jul 25
BZ=F,2025-05-28,28775.0,USD,NYM,FUTURE,BZ=F,BZQ25.NYM,Brent Crude Oil Last Day Financ
NG=F,2025-05-28,27378.0,USD,NYM,FUTURE,NG=F,NGM25.NYM,Natural Gas Jun 25
ZC=F,2025-05-28,669733.0,USX,CBT,FUTURE,ZC=F,ZCN25.CBT,"Corn Futures,Jul-2025"
KE=F,2025-05-28,162429.0,USX,CBT,FUTURE,KE=F,KEN25.CBT,"KC HRW Wheat Futures,Jul-2025"
ZS=F,2025-05-28,346108.0,USX,CBT,FUTURE,ZS=F,ZSN25.CBT,"Soybean Futures,Jul-2025"
CC=F,2025-05-28,40197.0,USD,NYB,FUTURE,CC=F,CCN25.NYB,Cocoa Jul 25
KC=F,2025-05-28,56247.0,USX,NYB,FUTURE,KC=F,KCN25.NYB,Coffee Jul 25
SB=F,2025-05-28,334028.0,USX,NYB,FUTURE,SB=F,SBN25.NYB,Sugar #11 Jul 25
SI=F,2025-05-29,110730.0,USD,CMX,FUTURE,SI=F,SI.CMX,Silver Jul 25
GC=F,2025-05-29,74244.0,USD,CMX,FUTURE,GC=F,GC.CMX,Gold Jun 25
HG=F,2025-05-29,97350.0,USD,CMX,FUTURE,HG=F,HG.CMX,Copper Jul 25
CL=F,2025-05-29,302566.0,USD,NYM,FUTURE,CL=F,CL.NYM,Crude Oil Jul 25
BZ=F,2025-05-29,29801.0,USD,NYM,FUTURE,BZ=F,BZ.NYM,Brent Crude Oil Last Day Financ
NG=F,2025-05-29,1014.0,USD,NYM,FUTURE,NG=F,NG.NYM,Natural Gas Jun 25
ZC=F,2025-05-29,663164.0,USX,CBT,FUTURE,ZC=F,ZC.CBT,"Corn Futures,Jul-2025"
KE=F,2025-05-29,159285.0,USX,CBT,FUTURE,KE=F,KE.CBT,"KC HRW Wheat Futures,Jul-2025"
ZS=F,2025-05-29,341266.0,USX,CBT,FUTURE,ZS=F,ZS.CBT,"Soybean Futures,Jul-2025"
CC=F,2025-05-29,39172.0,USD,NYB,FUTURE,CC=F,CC.NYB,Cocoa Jul 25
KC=F,2025-05-29,55186.0,USX,NYB,FUTURE,KC=F,KC.NYB,Coffee Jul 25
SB=F,2025-05-29,331885.0,USX,NYB,FUTURE,SB=F,SB.NYB,Sugar #11 Jul 25
SI=F,2025-05-30,110346.0,USD,CMX,FUTURE,SI=F,SIN25.CMX,Silver Jul 25
GC=F,2025-05-30,310961.0,USD,CMX,FUTURE,GC=F,GCQ25.CMX,Gold Aug 25
HG=F,2025-05-30,92005.0,USD,CMX,FUTURE,HG=F,HGN25.CMX,Copper Jul 25
CL=F,2025-05-30,291381.0,USD,NYM,FUTURE,CL=F,CLN25.NYM,Crude Oil Jul 25
BZ=F,2025-05-30,33043.0,USD,NYM,FUTURE,BZ=F,BZQ25.NYM,Brent Crude Oil Last Day Financ
NG=F,2025-05-30,240123.0,USD,NYM,FUTURE,NG=F,NGN25.NYM,Natural Gas Jul 25
ZC=F,2025-05-30,663834.0,USX,CBT,FUTURE,ZC=F,ZCN25.CBT,"Corn Futures,Jul-2025"
KE=F,2025-05-30,157294.0,USX,CBT,FUTURE,KE=F,KEN25.CBT,"KC HRW Wheat Futures,Jul-2025"
ZS=F,2025-05-30,344398.0,USX,CBT,FUTURE,ZS=F,ZSN25.CBT,"Soybean Futures,Jul-2025"
CC=F,2025-05-30,37923.0,USD,NYB,FUTURE,CC=F,CCN25.NYB,Cocoa Jul 25
KC=F,2025-05-30,53614.0,USX,NYB,FUTURE,KC=F,KCN25.NYB,Coffee Jul 25
SB=F,2025-05-30,345191.0,USX,NYB,FUTURE,SB=F,SBN25.NYB,Sugar #11 Jul 25
SI=F,2025-05-31,111156.0,USD,CMX,FUTURE,SI=F,SI.CMX,Silver Jul 25
GC=F,2025-05-31,317115.0,USD,CMX,FUTURE,GC=F,GC.CMX,Gold Aug 25
HG=F,2025-05-31,91487.0,USD,CMX,FUTURE,HG=F,HG.CMX,Copper Jul 25
CL=F,2025-05-31,297661.0,USD,NYM,FUTURE,CL=F,CL.NYM,Crude Oil Jul 25
BZ=F,2025-05-31,27035.0,USD,NYM,FUTURE,BZ=F,BZ.NYM,Brent Crude Oil Last Day Financ
NG=F,2025-05-31,241496.0,USD,NYM,FUTURE,NG=F,NG.NYM,Natural Gas Jul 25
ZC=F,2025-05-31,651774.0,USX,CBT,FUTURE,ZC=F,ZC.CBT,"Corn Futures,Jul-2025"
KE=F,2025-05-31,157251.0,USX,CBT,FUTURE,KE=F,KE.CBT,"KC HRW Wheat Futures,Jul-2025"
ZS=F,2025-05-31,345395.0,USX,CBT,FUTURE,ZS=F,ZS.CBT,"Soybean Futures,Jul-2025"
CC=F,2025-05-31,36894.0,USD,NYB,FUTURE,CC=F,CC.NYB,Cocoa Jul 25
KC=F,2025-05-31,53004.0,USX,NYB,FUTURE,KC=F,KC.NYB,Coffee Jul 25
SB=F,2025-05-31,340952.0,USX,NYB,FUTURE,SB=F,SB.NYB,Sugar #11 Jul 25
SI=F,2025-06-01,111156.0,USD,CMX,FUTURE,SI=F,SIN25.CMX,Silver Jul 25
GC=F,2025-06-01,317115.0,USD,CMX,FUTURE,GC=F,GCQ25.CMX,Gold Aug 25
HG=F,2025-06-01,91487.0,USD,CMX,FUTURE,HG=F,HGN25.CMX,Copper Jul 25
CL=F,2025-06-01,297661.0,USD,NYM,FUTURE,CL=F,CLN25.NYM,Crude Oil Jul 25
BZ=F,2025-06-01,31024.0,USD,NYM,FUTURE,BZ=F,BZQ25.NYM,Brent Crude Oil Last Day Financ
NG=F,2025-06-01,241496.0,USD,NYM,FUTURE,NG=F,NGN25.NYM,Natural Gas Jul 25
ZC=F,2025-06-01,651774.0,USX,CBT,FUTURE,ZC=F,ZCN25.CBT,"Corn Futures,Jul-2025"
KE=F,2025-06-01,157251.0,USX,CBT,FUTURE,KE=F,KEN25.CBT,"KC HRW Wheat Futures,Jul-2025"
ZS=F,2025-06-01,345395.0,USX,CBT,FUTURE,ZS=F,ZSN25.CBT,"Soybean Futures,Jul-2025"
CC=F,2025-06-01,36894.0,USD,NYB,FUTURE,CC=F,CCN25.NYB,Cocoa Jul 25
KC=F,2025-06-01,53004.0,USX,NYB,FUTURE,KC=F,KCN25.NYB,Coffee Jul 25
SB=F,2025-06-01,340952.0,USX,NYB,FUTURE,SB=F,SBN25.NYB,Sugar #11 Jul 25
SI=F,2025-06-02,111156.0,USD,CMX,FUTURE,SI=F,SI.CMX,Silver Jul 25
GC=F,2025-06-02,317115.0,USD,CMX,FUTURE,GC=F,GC.CMX,Gold Aug 25
HG=F,2025-06-02,91487.0,USD,CMX,FUTURE,HG=F,HG.CMX,Copper Jul 25
CL=F,2025-06-02,297661.0,USD,NYM,FUTURE,CL=F,CL.NYM,Crude Oil Jul 25
BZ=F,2025-06-02,31024.0,USD,NYM,FUTURE,BZ=F,BZ.NYM,Brent Crude Oil Last Day Financ
NG=F,2025-06-02,241496.0,USD,NYM,FUTURE,NG=F,NG.NYM,Natural Gas Jul 25
ZC=F,2025-06-02,651774.0,USX,CBT,FUTURE,ZC=F,ZC.CBT,"Corn Futures,Jul-2025"
KE=F,2025-06-02,157251.0,USX,CBT,FUTURE,KE=F,KE.CBT,"KC HRW Wheat Futures,Jul-2025"
ZS=F,2025-06-02,345395.0,USX,CBT,FUTURE,ZS=F,ZS.CBT,"Soybean Futures,Jul-2025"
CC=F,2025-06-02,36894.0,USD,NYB,FUTURE,CC=F,CC.NYB,Cocoa Jul 25
KC=F,2025-06-02,53004.0,USX,NYB,FUTURE,KC=F,KC.NYB,Coffee Jul 25
SB=F,2025-06-02,340952.0,USX,NYB,FUTURE,SB=F,SB.NYB,Sugar #11 Jul 25
SI=F,2025-06-03,118391.0,USD,CMX,FUTURE,SI=F,SIN25.CMX,Silver Jul 25
GC=F,2025-06-03,325344.0,USD,CMX,FUTURE,GC=F,GCQ25.CMX,Gold Aug 25
HG=F,2025-06-03,91781.0,USD,CMX,FUTURE,HG=F,HGN25.CMX,Copper Jul 25
CL=F,2025-06-03,272865.0,USD,NYM,FUTURE,CL=F,CLN25.NYM,Crude Oil Jul 25
BZ=F,2025-06-03,29178.0,USD,NYM,FUTURE,BZ=F,BZQ25.NYM,Brent Crude Oil Last Day Financ
NG=F,2025-06-03,232428.0,USD,NYM,FUTURE,NG=F,NGN25.NYM,Natural Gas Jul 25
ZC=F,2025-06-03,491792.0,USX,CBT,FUTURE,ZC=F,ZCZ25.CBT,"Corn Futures,Dec-2025"
KE=F,2025-06-03,155632.0,USX,CBT,FUTURE,KE=F,KEN25.CBT,"KC HRW Wheat Futures,Jul-2025"
ZS=F,2025-06-03,340595.0,USX,CBT,FUTURE,ZS=F,ZSX25.CBT,"Soybean Futures,Nov-2025"
CC=F,2025-06-03,26034.0,USD,NYB,FUTURE,CC=F,CCU25.NYB,Cocoa Sep 25
KC=F,2025-06-03,46158.0,USX,NYB,FUTURE,KC=F,KCU25.NYB,Coffee Sep 25
SB=F,2025-06-03,201490.0,USX,NYB,FUTURE,SB=F,SBV25.NYB,Sugar #11 Oct 25
SI=F,2025-06-04,118666.0,USD,CMX,FUTURE,SI=F,SIN25.CMX,Silver Jul 25
GC=F,2025-06-04,322481.0,USD,CMX,FUTURE,GC=F,GCQ25.CMX,Gold Aug 25
HG=F,2025-06-04,90258.0,USD,CMX,FUTURE,HG=F,HGN25.CMX,Copper Jul 25
CL=F,2025-06-04,265368.0,USD,NYM,FUTURE,CL=F,CLN25.NYM,Crude Oil Jul 25
BZ=F,2025-06-04,30847.0,USD,NYM,FUTURE,BZ=F,BZQ25.NYM,Brent Crude Oil Last Day Financ
NG=F,2025-06-04,230304.0,USD,NYM,FUTURE,NG=F,NGN25.NYM,Natural Gas Jul 25
ZC=F,2025-06-04,490563.0,USX,CBT,FUTURE,ZC=F,ZCZ25.CBT,"Corn Futures,Dec-2025"
KE=F,2025-06-04,154209.0,USX,CBT,FUTURE,KE=F,KEN25.CBT,"KC HRW Wheat Futures,Jul-2025"
ZS=F,2025-06-04,243680.0,USX,CBT,FUTURE,ZS=F,ZSX25.CBT,"Soybean Futures,Nov-2025"
CC=F,2025-06-04,26501.0,USD,NYB,FUTURE,CC=F,CCU25.NYB,Cocoa Sep 25
KC=F,2025-06-04,47840.0,USX,NYB,FUTURE,KC=F,KCU25.NYB,Coffee Sep 25
SB=F,2025-06-04,207242.0,USX,NYB,FUTURE,SB=F,SBV25.NYB,Sugar #11 Oct 25
SI=F,2025-06-05,117652.0,USD,CMX,FUTURE,SI=F,SIN25.CMX,Silver Jul 25
GC=F,2025-06-05,326099.0,USD,CMX,FUTURE,GC=F,GCQ25.CMX,Gold Aug 25
HG=F,2025-06-05,89700.0,USD,CMX,FUTURE,HG=F,HGN25.CMX,Copper Jul 25
CL=F,2025-06-05,261436.0,USD,NYM,FUTURE,CL=F,CLN25.NYM,Crude Oil Jul 25
BZ=F,2025-06-05,29746.0,USD,NYM,FUTURE,BZ=F,BZQ25.NYM,Brent Crude Oil Last Day Financ
NG=F,2025-06-05,227158.0,USD,NYM,FUTURE,NG=F,NGN25.NYM,Natural Gas Jul 25
ZC=F,2025-06-05,494750.0,USX,CBT,FUTURE,ZC=F,ZCZ25.CBT,"Corn Futures,Dec-2025"
KE=F,2025-06-05,151821.0,USX,CBT,FUTURE,KE=F,KEN25.CBT,"KC HRW Wheat Futures,Jul-2025"
ZS=F,2025-06-05,242503.0,USX,CBT,FUTURE,ZS=F,ZSX25.CBT,"Soybean Futures,Nov-2025"
CC=F,2025-06-05,27587.0,USD,NYB,FUTURE,CC=F,CCU25.NYB,Cocoa Sep 25
KC=F,2025-06-05,49091.0,USX,NYB,FUTURE,KC=F,KCU25.NYB,Coffee Sep 25
SB=F,2025-06-05,212662.0,USX,NYB,FUTURE,SB=F,SBV25.NYB,Sugar #11 Oct 25
SI=F,2025-06-06,117652.0,USD,CMX,FUTURE,SI=F,SIN25.CMX,Silver Jul 25
GC=F,2025-06-06,326099.0,USD,CMX,FUTURE,GC=F,GCQ25.CMX,Gold Aug 25
HG=F,2025-06-06,89700.0,USD,CMX,FUTURE,HG=F,HGN25.CMX,Copper Jul 25
CL=F,2025-06-06,261436.0,USD,NYM,FUTURE,CL=F,CLN25.NYM,Crude Oil Jul 25
BZ=F,2025-06-06,29746.0,USD,NYM,FUTURE,BZ=F,BZQ25.NYM,Brent Crude Oil Last Day Financ
NG=F,2025-06-06,227158.0,USD,NYM,FUTURE,NG=F,NGN25.NYM,Natural Gas Jul 25
ZC=F,2025-06-06,497147.0,USX,CBT,FUTURE,ZC=F,ZCZ25.CBT,"Corn Futures,Dec-2025"
KE=F,2025-06-06,148471.0,USX,CBT,FUTURE,KE=F,KEN25.CBT,"KC HRW Wheat Futures,Jul-2025"
ZS=F,2025-06-06,246604.0,USX,CBT,FUTURE,ZS=F,ZSX25.CBT,"Soybean Futures,Nov-2025"
CC=F,2025-06-06,29023.0,USD,NYB,FUTURE,CC=F,CCU25.NYB,Cocoa Sep 25
KC=F,2025-06-06,51342.0,USX,NYB,FUTURE,KC=F,KCU25.NYB,Coffee Sep 25
SB=F,2025-06-06,229134.0,USX,NYB,FUTURE,SB=F,SBV25.NYB,Sugar #11 Oct 25
SI=F,2025-06-07,118897,USD,CMX,FUTURE,SI=F,SIN25.CMX,Silver Jul 25
GC=F,2025-06-07,324992,USD,CMX,FUTURE,GC=F,GCQ25.CMX,Gold Aug 25
HG=F,2025-06-07,88408,USD,CMX,FUTURE,HG=F,HGN25.CMX,Copper Jul 25
CL=F,2025-06-07,246886,USD,NYM,FUTURE,CL=F,CLN25.NYM,Crude Oil Jul 25
BZ=F,2025-06-07,31964,USD,NYM,FUTURE,BZ=F,BZQ25.NYM,Brent Crude Oil Last Day Financ
NG=F,2025-06-07,226560,USD,NYM,FUTURE,NG=F,NGN25.NYM,Natural Gas Jul 25
ZC=F,2025-06-07,486293,USX,CBT,FUTURE,ZC=F,ZCZ25.CBT,"Corn Futures,Dec-2025"
KE=F,2025-06-07,145312,USX,CBT,FUTURE,KE=F,KEN25.CBT,"KC HRW Wheat Futures,Jul-2025"
ZS=F,2025-06-07,247985,USX,CBT,FUTURE,ZS=F,ZSX25.CBT,"Soybean Futures,Nov-2025"
CC=F,2025-06-07,30395,USD,NYB,FUTURE,CC=F,CCU25.NYB,Cocoa Sep 25
KC=F,2025-06-07,53117,USX,NYB,FUTURE,KC=F,KCU25.NYB,Coffee Sep 25
SB=F,2025-06-07,242929,USX,NYB,FUTURE,SB=F,SBV25.NYB,Sugar #11 Oct 25
